Ligne;Date;"Code boutique source";"Artisan source";Désignation;Quantité;"Prix unitaire";"Montant transcrit";"Montant retenu";Écart;Statut;Anomalies
3;05/07/2023;Hall;;Miel;3;2500;7500;7500;0;Importée;"Artisan non identifiable"
9;08/07/2023;;;"Liqueur d'ail";2;15000;30000;30000;0;Importée;"Code de boutique absent | Artisan non identifiable"
10;10/07/2023;"N° 1";"Mme Sylvie";"Charbon actif";2;1000;2000;2000;0;Importée;"Rapprochement d'artisan écarté : sous le seuil : « Sylvie » à 75,0 %"
12;10/07/2023;"N° 1";"Mme Sylvie";Chapeau;1;5000;5000;5000;0;Importée;"Rapprochement d'artisan écarté : sous le seuil : « Sylvie » à 75,0 %"
15;11/07/2023;;;"Serviette hygiénique";1;1500;1500;1500;0;Importée;"Code de boutique absent | Artisan non identifiable"
16;12/07/2023;"N° 02";"M. Dsimmi";NKOUTIN;1;;;;;"Non importée";"Quantité, prix et montant trop lacunaires pour une vente"
17;12/07/2023;"N° 27";Brunildhe;"Sirop toux et grippe";2;2000;4000;4000;0;Importée;"Rapprochement d'artisan écarté : sous le seuil : « Brunilda » à 82,4 %"
18;12/07/2023;;;"Miel naturel";1;1000;1000;1000;0;Importée;"Code de boutique absent | Artisan non identifiable"
19;12/07/2023;;;"Miel pur";1;;;;;"Non importée";"Code de boutique absent | Artisan non identifiable | Quantité, prix et montant trop lacunaires pour une vente"
20;12/07/2023;"N° 31";"Mama Noun";"Fève de cacao";2;;;;;"Non importée";"Quantité, prix et montant trop lacunaires pour une vente"
22;12/07/2023;;;"Beurre de cacao";2;500;1000;1000;0;Importée;"Code de boutique absent | Artisan non identifiable"
23;12/07/2023;"N° 6";Sidonie;Pagnier;1;;;;;"Non importée";"Quantité, prix et montant trop lacunaires pour une vente"
24;12/07/2023;"N° 1";"Mme Noussjou";"Chocolat noir";1;1500;1300;1500;-200;Importée;"Écart signalé à la source (ECART) | Écart de calcul : montant transcrit différent de quantité × prix | Rapprochement d'artisan écarté : sous le seuil : « Noussjou » à 80,0 %"
26;12/07/2023;;Mouliom;"Tableau en Bois Ndop";2;1500;3000;3000;0;Importée;"Code de boutique absent"
27;12/07/2023;;;"Masque Gd modèle";1;10000;10000;10000;0;Importée;"Code de boutique absent | Artisan non identifiable"
28;12/07/2023;;;"Masque Petit modèle";2;20000;40000;40000;0;Importée;"Code de boutique absent | Artisan non identifiable"
29;12/07/2023;;;"Chapeau Ndop";2;10000;20000;20000;0;Importée;"Code de boutique absent | Artisan non identifiable"
30;13/07/2023;?;Sylvie;"Chocolat noir";1;1000;1000;1000;0;Importée;"Code de boutique absent"
31;13/07/2023;?;;"Vin lemon";1;4500;4500;4500;0;Importée;"Code de boutique absent | Artisan non identifiable"
32;13/07/2023;?;;"Vin Bellevue";1;3000;3000;3000;0;Importée;"Code de boutique absent | Artisan non identifiable | Prix unitaire déduit du montant et de la quantité"
33;13/07/2023;1;;"Vin yanis";1;4500;4500;4500;0;Importée;"Artisan non identifiable | Prix unitaire déduit du montant et de la quantité"
34;13/07/2023;;;"Yanis tea";1;2500;2500;2500;0;Importée;"Code de boutique absent | Artisan non identifiable"
35;13/07/2023;;Evelyne;"Vin wine";1;2500;2500;2500;0;Importée;"Code de boutique absent"
38;13/07/2023;;;"Chocolat noir";1;1000;1000;1000;0;Importée;"Code de boutique absent | Artisan non identifiable"
39;14/07/2023;"N° 3";;"Nettoyage de visage";1;2000;2000;2000;0;Importée;"Artisan non identifiable"
40;14/07/2023;"N° 3";;"Nettoyage de visage";1;;;;;"Non importée";"Artisan non identifiable | Quantité, prix et montant trop lacunaires pour une vente"
44;17/07/2023;"N° 13";Rudeline;Collier;1;3000;3000;3000;0;Importée;"Rapprochement d'artisan écarté : sous le seuil : « Fideline » à 75,0 %"
47;17/07/2023;"N° 10";"Djoko Alex";"Sachet de verveine";1;2000;2000;2000;0;Importée;"Rapprochement d'artisan écarté : sous le seuil : « Djokalme » à 77,8 %"
48;18/07/2023;"N° 2";;"Miel naturel";1;1500;1500;1500;0;Importée;"Artisan non identifiable"
50;21/07/2023;"N° 2";;"Chocolat noir";1;1000;1000;1000;0;Importée;"Artisan non identifiable"
54;24/07/2023;"N° 3";"Mère de Natham";"Charbon noir";1;1000;1000;1000;0;Importée;"Rapprochement d'artisan écarté : sous le seuil : « Mère Nathan » à 80,0 %"
55;24/07/2023;"N° 3";;"Tisane min";1;2000;2000;2000;0;Importée;"Artisan non identifiable"
57;24/07/2023;5;Kuissi;"Charbon noir";1;1000;1000;1000;0;Importée;"Rapprochement d'artisan écarté : sous le seuil : « Kuissu » à 83,3 %"
59;25/07/2023;"N° 7";MEKO;Curcuma;1;2000;2000;2000;0;Importée;"Rapprochement d'artisan écarté : sous le seuil : « MEKA » à 75,0 %"
60;26/07/2023;"N° 12";;"Miel naturel";1;2500;2500;2500;0;Importée;"Artisan non identifiable"
61;28/07/2023;"N° 3";Kuissi;"Serviette hygiénique";3;500;1500;1500;0;Importée;"Rapprochement d'artisan écarté : sous le seuil : « Kuissu » à 83,3 %"
65;28/07/2023;"N° 7";;Bracelet;2;500;1000;1000;0;Importée;"Artisan non identifiable"
67;28/07/2023;"N° 3";Boniface;"Thé minceur";1;5000;5000;5000;0;Importée;"Date reprise de la ligne précédente"
69;18/07/2023;"N° 2";JONAS;"Liqueur café";1;7500;7500;7500;0;Importée;"Rapprochement d'artisan écarté : sous le seuil : « M. Jonas » à 83,3 %"
71;28/07/2023;15;Kuissi;Vinaigre;1;1000;1000;1000;0;Importée;"Rapprochement d'artisan écarté : sous le seuil : « Kuissu » à 83,3 %"
72;28/07/2023;;;;1;300;300;300;0;"Non importée";"Date reprise de la ligne précédente | Code de boutique absent | Artisan non identifiable | Désignation absente"
76;31/07/2023;13;;"Chapeau Ndop";2;8000;16000;16000;0;Importée;"Artisan non identifiable"
78;01/08/2023;05;Kuissi;Vinaigre;1;300;300;300;0;Importée;"Rapprochement d'artisan écarté : sous le seuil : « Kuissu » à 83,3 %"
79;01/08/2023;02;;"Miel pur";1;1500;1500;1500;0;Importée;"Artisan non identifiable"
80;01/08/2023;;"Mère Nathan";"Cure de diabète";1;2000;2000;2000;0;Importée;"Date reprise de la ligne précédente | Code de boutique absent"
82;02/08/2023;05;"Janvier Jean";"Huile d'avocat";1;2500;2500;2500;0;Importée;"Date reprise de la ligne précédente"
83;02/08/2023;;Kuissi;Miel;1;3500;3500;3500;0;Importée;"Date reprise de la ligne précédente | Code de boutique absent | Rapprochement d'artisan écarté : sous le seuil : « Kuissu » à 83,3 %"
86;04/08/2023;;;"Miel naturel";1;2500;2500;2500;0;Importée;"Code de boutique absent | Artisan non identifiable"
89;07/08/2023;;;"Miel naturel";1;2500;2500;2500;0;Importée;"Code de boutique absent | Artisan non identifiable"
91;09/08/2023;23;;Whisky;1;5000;5000;5000;0;Importée;"Artisan non identifiable"
92;09/08/2023;23;;"Lait de soja";1;2000;2000;2000;0;Importée;"Artisan non identifiable"
93;11/08/2023;23;;"Fève de cacao";1;1000;1000;1000;0;Importée;"Artisan non identifiable"
95;11/08/2023;5;Edwige;"Vin d'hibiscus";2;2500;3000;5000;-2000;Importée;"Écart signalé à la source (ECART) | Écart de calcul : montant transcrit différent de quantité × prix"
96;11/08/2023;23;"Ns. Gabrielle";VIN;2;2500;3000;5000;-2000;Importée;"Écart signalé à la source (ECART) | Écart de calcul : montant transcrit différent de quantité × prix"
97;11/08/2023;23;;Shoes;2;11000;22000;22000;0;Importée;"Artisan non identifiable"
100;24/08/2023;;;"Cure de diabète";1;2000;2000;2000;0;Importée;"Code de boutique absent | Artisan non identifiable"
102;28/08/2023;"MERE MF";FATIMATOU;"Suc a Mam";1;15000;5000;15000;-10000;Importée;"Écart signalé à la source (ECART) | Écart de calcul : montant transcrit différent de quantité × prix"
103;29/08/2023;;DONTICK;Cure;1;2000;2000;2000;0;Importée;"Code de boutique absent"
104;29/08/2023;;"Sylvie / NGAN";"ANTI CANCER";;;;;;"Non importée";"Code de boutique absent | Quantité, prix et montant trop lacunaires pour une vente"
106;29/08/2023;;EVELYNE;"POUDRE DE CACAO";;;;;;"Non importée";"Code de boutique absent | Quantité, prix et montant trop lacunaires pour une vente"
113;30/08/2023;"N° 01";JONAS;"VIN DE CELEMIE";1;3000;3000;3000;0;Importée;"Rapprochement d'artisan écarté : sous le seuil : « M. Jonas » à 83,3 %"
117;05/09/2023;"N° 1";;Chocala;1;1000;1000;1000;0;Importée;"Artisan non identifiable"
119;06/09/2023;"N° 5";;Javel;1;350;350;350;0;Importée;"Artisan non identifiable"
122;08/09/2023;"N° 1";;Chocala;1;1000;1000;1000;0;Importée;"Artisan non identifiable"
123;08/09/2023;"N° 5";Kuissy;Javel;1;350;350;350;0;Importée;"Rapprochement d'artisan écarté : sous le seuil : « Kuissu » à 83,3 %"
124;08/09/2023;"N° 3";;"Farine de maïs";1;800;800;800;0;Importée;"Artisan non identifiable"
125;12/09/2023;"N° 3";;Vinaigre;1;1000;1000;1000;0;Importée;"Artisan non identifiable"
126;21/09/2023;;;croquette;1;600;600;600;0;Importée;"Code de boutique absent | Artisan non identifiable"
127;23/09/2023;;;croquette;1;600;600;600;0;Importée;"Code de boutique absent | Artisan non identifiable"
128;25/09/2023;;;Vinaigre;8;2500;20000;20000;0;Importée;"Code de boutique absent | Artisan non identifiable"
130;13/09/2023;;Gabrielle;"Vin d'Hibiscus";1;3500;3500;3500;0;Importée;"Code de boutique absent"
131;13/09/2023;;;Whisky;1;2500;2500;2500;0;Importée;"Date reprise de la ligne précédente | Code de boutique absent | Artisan non identifiable"
134;14/09/2023;"N° 1";;"Miel naturel";1;2500;2500;2500;0;Importée;"Artisan non identifiable"
139;19/09/2023;"N° 11";"Pa mambou";Colire;1;10000;10000;10000;0;Importée;"Rapprochement d'artisan écarté : sous le seuil : « Mambou » à 80,0 %"
140;19/09/2023;12;"Mr Djoko";Chapeau;1;5000;5000;5000;0;Importée;"Date reprise de la ligne précédente"
141;12/09/2023;"N° 3";"sur la table";"fève de cacao";1;7500;7500;7500;0;Importée;"Rapprochement d'artisan écarté : sous le seuil : « fève sur la table » à 82,8 %"
142;12/09/2023;"N° 0";;"miel pur";1;1500;1500;1500;0;Importée;"Artisan non identifiable"
143;21/09/2023;"N° 11";"Vin ole";"Vin cacao";1;2500;2500;2500;0;Importée;"Quantité déduite du montant et du prix"
144;21/09/2023;"N° 31";;"produit pjo";1;3000;3000;3000;0;Importée;"Date reprise de la ligne précédente | Artisan non identifiable | Quantité déduite du montant et du prix"
145;21/09/2023;;;NDOP;1;10000;10000;10000;0;Importée;"Date reprise de la ligne précédente | Code de boutique absent | Artisan non identifiable | Quantité déduite du montant et du prix"
146;21/09/2023;"N° 13";"NDOP (Gogo)";THÉ;1;2000;2000;2000;0;Importée;"Quantité déduite du montant et du prix"
147;21/09/2023;;Thé;Thé;1;9000;11000;9000;2000;Importée;"Date reprise de la ligne précédente | Code de boutique absent | Quantité déduite du montant et du prix | Écart de calcul : montant transcrit différent de quantité × prix"
148;21/09/2023;"B N° 6";Mitchingou;Sac;1;1500;1000;1500;-500;Importée;"Date reprise de la ligne précédente | Écart signalé à la source (ECART) | Écart de calcul : montant transcrit différent de quantité × prix"
149;21/09/2023;"B N° 2";Biscuit;;;600;;;;"Non importée";"Date reprise de la ligne précédente | Désignation absente | Quantité, prix et montant trop lacunaires pour une vente"
150;21/09/2023;"B N° 3";"fève sur la table";;1;1000;;1000;;"Non importée";"Date reprise de la ligne précédente | Désignation absente | Montant déduit de la quantité et du prix"
151;21/09/2023;"B N° 2";"fève sur la table";;1;1000;;1000;;"Non importée";"Date reprise de la ligne précédente | Désignation absente | Montant déduit de la quantité et du prix"
152;21/09/2023;"N° 3";"Menthol / Evelyne";Menthol;2;1000;;2000;;Importée;"Date reprise de la ligne précédente | Montant déduit de la quantité et du prix"
153;21/09/2023;"N° 5";"Savon liquide";"Savon liquide";1;4000;4000;4000;0;Importée;"Date reprise de la ligne précédente"
154;21/09/2023;"N° 5";Kuissu;"Lave vitre";1;1300;1300;1300;0;Importée;"Date reprise de la ligne précédente"
155;21/09/2023;"N° 5";Kuissy;Javel;1;2500;2500;2500;0;Importée;"Date reprise de la ligne précédente | Rapprochement d'artisan écarté : sous le seuil : « Kuissu » à 83,3 %"
156;21/09/2023;"N° 3";;Pydjoun;1;3500;;3500;;Importée;"Date reprise de la ligne précédente | Artisan non identifiable | Montant déduit de la quantité et du prix"
157;21/09/2023;;Kuissu;Vinaigre;1;3500;;3500;;Importée;"Date reprise de la ligne précédente | Code de boutique absent | Montant déduit de la quantité et du prix"
158;21/09/2023;;;Chapeau;1;4000;;4000;;Importée;"Date reprise de la ligne précédente | Code de boutique absent | Artisan non identifiable | Montant déduit de la quantité et du prix"
159;21/09/2023;"B N° 13";;Biscuit;1;600;;600;;Importée;"Date reprise de la ligne précédente | Artisan non identifiable | Montant déduit de la quantité et du prix"
160;21/09/2023;;GAMI;Chocolat;3;1000;3000;3000;0;Importée;"Date reprise de la ligne précédente | Code de boutique absent"
161;21/09/2023;"B 1";NGANGA;fève;2;1500;3000;3000;0;Importée;"Date reprise de la ligne précédente"
164;08/11/2023;"N° 3";Evelyne;"Beurre de cacao";1;1000;;1000;;Importée;"Montant déduit de la quantité et du prix"
165;10/11/2023;12;;Chaussure;1;13000;13000;13000;0;Importée;"Artisan non identifiable"
171;18/11/2023;05;Kuissu;Croquette;4;500;500;2000;-1500;Importée;"Écart signalé à la source (ECART) | Écart de calcul : montant transcrit différent de quantité × prix"
172;20/11/2023;05;;Croquette;1;10000;10000;10000;0;Importée;"Artisan non identifiable"
173;21/11/2023;03;Evelyne;"Fève de cacao";2;2000;20000;4000;16000;Importée;"Écart signalé à la source (ECART) | Écart de calcul : montant transcrit différent de quantité × prix"
175;21/11/2023;;"GNOUNG / FÉLICITÉ";Whisky;1;5000;5000;5000;0;Importée;"Code de boutique absent"
177;27/11/2023;Donation;Sylvie;Chocolat;1;1000;1000;1000;0;Importée;"Prix unitaire déduit du montant et de la quantité"
180;27/11/2023;NNO;Charbon;Miel;2;3500;3850;7000;-3150;Importée;"Écart signalé à la source (ECART) | Écart de calcul : montant transcrit différent de quantité × prix"
182;04/12/2023;;"NGOUNJOU / NGOUNJOU";"Chocolat / Chocolat";2;10000;20000;20000;0;Importée;"Code de boutique absent"
183;04/12/2023;;;Argile;1;7000;;7000;;Importée;"Code de boutique absent | Artisan non identifiable | Montant déduit de la quantité et du prix"
184;04/12/2023;;;Cafe-nez;7;1000;;7000;;Importée;"Date reprise de la ligne précédente | Code de boutique absent | Artisan non identifiable | Montant déduit de la quantité et du prix"
185;04/12/2023;03;"Guessong / SONAT";"Vin / Yaourt";3;500;;1500;;Importée;"Date reprise de la ligne précédente | Montant déduit de la quantité et du prix"
186;04/12/2023;05;"Kuissu / Kuissu";"Cro / Vinaigre";1;2500;;2500;;Importée;"Date reprise de la ligne précédente | Montant déduit de la quantité et du prix"
187;04/12/2023;03;SONAT;YAOURT;1;3000;;3000;;Importée;"Date reprise de la ligne précédente | Montant déduit de la quantité et du prix"
188;04/12/2023;12;Fideline;"YAOURT / Serviette";2;500;560;1000;-440;Importée;"Date reprise de la ligne précédente | Écart signalé à la source (ECART) | Écart de calcul : montant transcrit différent de quantité × prix"
189;07/12/2023;NNO;;Jacquie;1;700;1000;700;300;Importée;"Artisan non identifiable | Écart signalé à la source (ECART) | Écart de calcul : montant transcrit différent de quantité × prix"
190;07/12/2023;03;Evelyne;"Fève cacao";1;1500;1500;1500;0;Importée;"Date reprise de la ligne précédente"
192;09/12/2023;06;Mitchingou;;1;1000;1000;1000;0;"Non importée";"Date reprise de la ligne précédente | Désignation absente"
193;09/12/2023;;;;1;1000;1000;1000;0;"Non importée";"Date reprise de la ligne précédente | Code de boutique absent | Artisan non identifiable | Désignation absente"
196;12/12/2023;03;Evelyne;;1;1000;1000;1000;0;"Non importée";"Désignation absente"
197;17/11/2024;01;;vin;4;2500;10000;10000;0;Importée;"Artisan non identifiable"
198;14/11/2024;"5 / 13";;chapeau;1;4000;4000;4000;0;Importée;"Artisan non identifiable"
199;14/11/2024;"6 / 14";;chapeau;1;5000;5000;5000;0;Importée;"Artisan non identifiable"
200;14/11/2024;03;;"beurre de c.";1;2500;2500;2500;0;Importée;"Artisan non identifiable"
201;14/11/2024;03;;"fève d.";1;1000;1000;1000;0;Importée;"Artisan non identifiable"
202;14/11/2024;;;"farine d.";2;2000;4000;4000;0;Importée;"Code de boutique absent | Artisan non identifiable"
203;14/11/2024;"N° 5";;croquette;1;1500;1500;1500;0;Importée;"Artisan non identifiable"
204;14/11/2024;;;miel;1;2500;2500;2500;0;Importée;"Date reprise de la ligne précédente | Code de boutique absent | Artisan non identifiable"
205;15/02/2024;B3;;fève;2;1000;2000;2000;0;Importée;"Artisan non identifiable"
206;20/02/2024;"B. 5";;détergent;4;1000;4000;4000;0;Importée;"Artisan non identifiable"
207;20/02/2024;5;;caft-reg;3;200;500;600;-100;Importée;"Date reprise de la ligne précédente | Artisan non identifiable | Écart signalé à la source (ECART) | Écart de calcul : montant transcrit différent de quantité × prix"
208;25/02/2024;"B N° 6";;chapeau;5;1000;5000;5000;0;Importée;"Artisan non identifiable"
209;25/02/2024;10;;vin;4;2500;10000;10000;0;Importée;"Date invalide dans le registre | Artisan non identifiable"
210;03/03/2024;9;;"clou de gi";1;1000;1000;1000;0;Importée;"Artisan non identifiable"
211;05/03/2024;5;;Biscuit;3;500;1500;1500;0;Importée;"Artisan non identifiable"
212;08/03/2024;5;;croquette;1;1500;1500;1500;0;Importée;"Artisan non identifiable"
213;12/03/2024;1;;vin;4;2500;10000;10000;0;Importée;"Artisan non identifiable"
214;13/03/2024;;;VIN;1;5000;5000;5000;0;Importée;"Code de boutique absent | Artisan non identifiable"
218;14/03/2024;1;vin;vin;2;8500;5000;17000;-12000;Importée;"Écart signalé à la source (ECART) | Écart de calcul : montant transcrit différent de quantité × prix"
219;15/03/2024;3;"Liqueur + Mathe";vin;2;2500;2500;5000;-2500;Importée;"Écart signalé à la source (ECART) | Écart de calcul : montant transcrit différent de quantité × prix"
220;15/03/2024;1;;lissari.;1;1000;1000;1000;0;Importée;"Artisan non identifiable"
221;15/03/2024;5;;arnaise;17;300;300;5100;-4800;Importée;"Artisan non identifiable | Écart signalé à la source (ECART) | Écart de calcul : montant transcrit différent de quantité × prix"
222;18/03/2024;1;;vin;1;5000;5000;5000;0;Importée;"Artisan non identifiable"
223;25/03/2024;11;;bracelet;1;1500;1500;1500;0;Importée;"Artisan non identifiable"
224;25/03/2024;2;;charbon;1;1000;1000;1000;0;Importée;"Artisan non identifiable"
225;26/03/2024;5;;"savon li.";1;7500;1500;7500;-6000;Importée;"Artisan non identifiable | Écart signalé à la source (ECART) | Écart de calcul : montant transcrit différent de quantité × prix"
226;28/03/2024;5;;croquette;3;1500;4500;4500;0;Importée;"Artisan non identifiable"
227;28/03/2024;3;;yaourt;1;500;3000;500;2500;Importée;"Artisan non identifiable | Écart signalé à la source (ECART) | Écart de calcul : montant transcrit différent de quantité × prix"
228;02/04/2024;3;;menthol;1;7000;1000;7000;-6000;Importée;"Artisan non identifiable | Écart signalé à la source (ECART) | Écart de calcul : montant transcrit différent de quantité × prix"
229;05/04/2024;;;croquette;1;1500;1500;1500;0;Importée;"Code de boutique absent | Artisan non identifiable"
230;05/04/2024;1;;biscuit;1;500;500;500;0;Importée;"Artisan non identifiable"
231;08/04/2024;1;;vin;2;5000;10000;10000;0;Importée;"Artisan non identifiable"
232;08/04/2024;;;"lait de soja";1;1500;1500;1500;0;Importée;"Code de boutique absent | Artisan non identifiable"
233;08/04/2024;4;;miel;1;2500;2500;2500;0;Importée;"Artisan non identifiable"
234;08/04/2024;5;;"produit Boun";1;2000;2000;2000;0;Importée;"Artisan non identifiable"
235;11/04/2024;"20 / 5";;"farine de f";1;7500;1500;7500;-6000;Importée;"Artisan non identifiable | Écart signalé à la source (ECART) | Écart de calcul : montant transcrit différent de quantité × prix"
236;11/04/2024;5;;feve;1;1000;1000;1000;0;Importée;"Artisan non identifiable"
237;11/04/2024;4;;the;2;2000;4000;4000;0;Importée;"Artisan non identifiable"
238;11/04/2024;;;croquette;1;1500;1500;1500;0;Importée;"Code de boutique absent | Artisan non identifiable"
239;12/04/2024;;;"verse a le secretaire";;;;;;"Non importée";"Code de boutique absent | Artisan non identifiable | Quantité, prix et montant trop lacunaires pour une vente"
240;15/04/2024;5;;"11800 F";1;3000;3000;3000;0;Importée;"Artisan non identifiable | Quantité déduite du montant et du prix"
241;15/04/2024;5;;"huile de cheu";1;2000;2000;2000;0;Importée;"Artisan non identifiable | Quantité déduite du montant et du prix"
242;15/04/2024;3;;produit;1;500;500;500;0;Importée;"Artisan non identifiable | Quantité déduite du montant et du prix"
243;16/04/2024;1;;menthol;1;2500;2500;2500;0;Importée;"Artisan non identifiable | Quantité déduite du montant et du prix"
244;16/04/2024;1;;"vin meca";1;4500;;4500;;Importée;"Artisan non identifiable | Montant déduit de la quantité et du prix"
245;19/04/2024;3;;"aux CGOO";1;1000;1000;1000;0;Importée;"Artisan non identifiable"
246;19/04/2024;5;;feve;1;2500;;2500;;Importée;"Artisan non identifiable | Montant déduit de la quantité et du prix"
247;21/04/2024;1;;"vin meca";1;1000;1000;1000;0;Importée;"Artisan non identifiable"
248;21/04/2024;1;;feve;2;5000;10000;10000;0;Importée;"Artisan non identifiable"
249;21/04/2024;1;;bai;1;17500;;17500;;Importée;"Artisan non identifiable | Montant déduit de la quantité et du prix"
250;24/04/2024;1;;VV.;1;3000;;3000;;Importée;"Artisan non identifiable | Montant déduit de la quantité et du prix"
251;24/04/2024;1;;"vin d'oranj";1;3500;;3500;;Importée;"Artisan non identifiable | Montant déduit de la quantité et du prix"
252;24/04/2024;1;;"vin d'oignon";1;3500;;3500;;Importée;"Artisan non identifiable | Montant déduit de la quantité et du prix"
253;28/04/2024;1;;"vin de lemon";1;3500;;3500;;Importée;"Artisan non identifiable | Montant déduit de la quantité et du prix"
254;28/04/2024;8;;vin;1;7000;7000;7000;0;Importée;"Artisan non identifiable | Prix unitaire déduit du montant et de la quantité"
255;29/04/2024;1;;"liqueur d'ail";1;3500;3500;3500;0;Importée;"Artisan non identifiable | Prix unitaire déduit du montant et de la quantité"
256;07/05/2024;1;;piment;2;35250;70500;70500;0;Importée;"Artisan non identifiable | Prix unitaire déduit du montant et de la quantité"
257;31/05/2024;3;;"cuille en bois";1;3500;1500;3500;-2000;Importée;"Artisan non identifiable | Écart signalé à la source (ECART) | Écart de calcul : montant transcrit différent de quantité × prix"
258;06/05/2024;5;;biscuit;1;1500;7500;1500;6000;Importée;"Artisan non identifiable | Écart signalé à la source (ECART) | Écart de calcul : montant transcrit différent de quantité × prix"
259;04/05/2024;3;;yaourt;1;500;500;500;0;Importée;"Artisan non identifiable"
260;07/05/2024;1;;"huile d'orange";1;2500;2500;2500;0;Importée;"Artisan non identifiable"
261;08/05/2024;3;;yaourt;2;1000;1000;2000;-1000;Importée;"Artisan non identifiable | Écart signalé à la source (ECART) | Écart de calcul : montant transcrit différent de quantité × prix"
262;08/05/2024;1;;biscuit;1;500;500;500;0;Importée;"Artisan non identifiable"
263;13/05/2024;3;;"vin fubiisant";1;3500;3500;3500;0;Importée;"Artisan non identifiable"
264;15/05/2024;3;;yaourt;2;7000;7000;14000;-7000;Importée;"Artisan non identifiable | Écart signalé à la source (ECART) | Écart de calcul : montant transcrit différent de quantité × prix"
265;16/05/2024;5;;curcuma;1;500;500;500;0;Importée;"Artisan non identifiable"
266;16/05/2024;3;;yaourt;2;1000;1000;2000;-1000;Importée;"Artisan non identifiable | Écart signalé à la source (ECART) | Écart de calcul : montant transcrit différent de quantité × prix"
267;17/05/2024;5;;vinaigre;3;900;900;2700;-1800;Importée;"Artisan non identifiable | Écart signalé à la source (ECART) | Écart de calcul : montant transcrit différent de quantité × prix"
268;17/05/2024;6;;yaourt;4;2000;2000;8000;-6000;Importée;"Artisan non identifiable | Écart signalé à la source (ECART) | Écart de calcul : montant transcrit différent de quantité × prix"
269;23/05/2024;5;;"eau de javel";1;650;650;650;0;Importée;"Artisan non identifiable"
270;23/05/2024;14;;croquette;1;1500;1500;1500;0;Importée;"Artisan non identifiable"
271;23/05/2024;10;;plateau;2;6000;6000;12000;-6000;Importée;"Artisan non identifiable | Écart signalé à la source (ECART) | Écart de calcul : montant transcrit différent de quantité × prix"
272;23/05/2024;14;;"mot plateau";1;10000;10000;10000;0;Importée;"Artisan non identifiable"
273;24/05/2024;5;;"queue de deved";1;8000;8000;8000;0;Importée;"Artisan non identifiable"
274;28/05/2024;5;;gobelet;1;1500;1500;1500;0;Importée;"Artisan non identifiable"
275;28/05/2024;10;;sac;1;8000;8000;8000;0;Importée;"Artisan non identifiable"
276;29/05/2024;10;;curcuma;1;500;500;500;0;Importée;"Artisan non identifiable"
277;29/05/2024;3;;"foulard dop";2;20000;20000;40000;-20000;Importée;"Artisan non identifiable | Écart signalé à la source (ECART) | Écart de calcul : montant transcrit différent de quantité × prix"
278;29/05/2024;6;;croquette;1;1500;1500;1500;0;Importée;"Artisan non identifiable"
279;29/05/2024;5;;"savon liqui";1;1500;1500;1500;0;Importée;"Artisan non identifiable"
280;29/05/2024;5;;croquette;1;1500;1500;1500;0;Importée;"Artisan non identifiable"
281;29/05/2024;3;;"statue jeu";2;20000;20000;40000;-20000;Importée;"Artisan non identifiable | Écart signalé à la source (ECART) | Écart de calcul : montant transcrit différent de quantité × prix"
282;03/06/2024;3;;"soupe couple";1;1500;1500;1500;0;Importée;"Artisan non identifiable"
283;03/06/2024;14;;"porte clé";1;1500;1500;1500;0;Importée;"Artisan non identifiable"
284;03/06/2024;5;;feve;1;1000;1000;1000;0;Importée;"Artisan non identifiable"
285;04/06/2024;5;;"porte lic";1;3000;3000;3000;0;Importée;"Artisan non identifiable"
286;04/06/2024;3;;panier;4;2500;2500;10000;-7500;Importée;"Artisan non identifiable | Écart signalé à la source (ECART) | Écart de calcul : montant transcrit différent de quantité × prix"
287;04/06/2024;14;;croquette;1;7500;7500;7500;0;Importée;"Artisan non identifiable"
288;04/06/2024;3;;yaourt;1;500;500;500;0;Importée;"Date reprise de la ligne précédente | Artisan non identifiable"
289;04/06/2024;;;miel;1;3000;3000;3000;0;Importée;"Date reprise de la ligne précédente | Code de boutique absent | Artisan non identifiable"
290;04/06/2024;;;"chapeau targ";1;1500;1500;1500;0;Importée;"Date reprise de la ligne précédente | Code de boutique absent | Artisan non identifiable"
291;04/06/2024;;;feve;1;1000;1000;1000;0;Importée;"Date reprise de la ligne précédente | Code de boutique absent | Artisan non identifiable"
292;04/06/2024;;;seson;1;500;500;500;0;Importée;"Date reprise de la ligne précédente | Code de boutique absent | Artisan non identifiable"
293;04/06/2024;;;croquette;1;1500;1500;1500;0;Importée;"Date reprise de la ligne précédente | Code de boutique absent | Artisan non identifiable"
294;04/06/2024;;;"savon liquide";1;9000;9000;9000;0;Importée;"Date reprise de la ligne précédente | Code de boutique absent | Artisan non identifiable"
295;04/06/2024;;;yaourt;2;1000;1000;2000;-1000;Importée;"Date reprise de la ligne précédente | Code de boutique absent | Artisan non identifiable | Écart signalé à la source (ECART) | Écart de calcul : montant transcrit différent de quantité × prix"
296;04/06/2024;5;;croquette;2;1500;3000;3000;0;Importée;"Date reprise de la ligne précédente | Artisan non identifiable"
297;17/06/2024;3;;yaourt;2;10000;15000;20000;-5000;Importée;"Artisan non identifiable | Écart signalé à la source (ECART) | Écart de calcul : montant transcrit différent de quantité × prix"
298;25/06/2024;5;;café-nez;2;850;500;1700;-1200;Importée;"Artisan non identifiable | Écart signalé à la source (ECART) | Écart de calcul : montant transcrit différent de quantité × prix"
299;26/06/2024;14;;"oloj foulard";1;10000;10000;10000;0;Importée;"Artisan non identifiable"
301;14/06/2024;1;;propolis;1;2500;2500;2500;0;Importée;"Artisan non identifiable"
302;19/06/2024;5;;détergent;1;1000;900;1000;-100;Importée;"Artisan non identifiable | Écart signalé à la source (ECART) | Écart de calcul : montant transcrit différent de quantité × prix"
303;24/06/2024;3;;yaourt;4;2500;2000;10000;-8000;Importée;"Artisan non identifiable | Écart signalé à la source (ECART) | Écart de calcul : montant transcrit différent de quantité × prix"
304;25/06/2024;3;;savon;1;1000;1000;1000;0;Importée;"Artisan non identifiable"
305;25/06/2024;5;;"savon dora";1;2000;2000;2000;0;Importée;"Artisan non identifiable"
306;26/06/2024;12;;"deux bouche";2;1000;2000;2000;0;Importée;"Artisan non identifiable"
307;26/06/2024;12;;bracelet;2;750;1500;1500;0;Importée;"Artisan non identifiable"
308;26/06/2024;12;;bague;1;500;500;500;0;Importée;"Artisan non identifiable"
309;26/06/2024;12;;bouche;2;750;1500;1500;0;Importée;"Artisan non identifiable"
310;26/06/2024;;;miel;1;8000;8000;8000;0;Importée;"Code de boutique absent | Artisan non identifiable"
311;26/06/2024;14;;foulard;1;4000;4000;4000;0;Importée;"Artisan non identifiable"
312;27/06/2024;3;;miel;1;1000;1000;1000;0;Importée;"Artisan non identifiable"
313;27/06/2024;12;;bouche;1;2000;2000;2000;0;Importée;"Artisan non identifiable"
314;02/07/2024;1;;"huile de ricin";1;1500;1500;1500;0;Importée;"Artisan non identifiable"
315;03/07/2024;;;croquette;1;1000;;1000;;Importée;"Code de boutique absent | Artisan non identifiable | Montant déduit de la quantité et du prix"
316;03/07/2024;;;miel;2;500;1000;1000;0;Importée;"Code de boutique absent | Artisan non identifiable"
317;03/07/2024;3;;yaourt;1;5000;5000;5000;0;Importée;"Artisan non identifiable"
318;08/07/2024;10;;masque;1;10000;10000;10000;0;Importée;"Artisan non identifiable"
320;08/07/2024;5;;"eau de javel";1;500;500;500;0;Importée;"Artisan non identifiable"
321;08/07/2024;5;;"savon liquide";1;9000;9000;9000;0;Importée;"Artisan non identifiable"
322;08/07/2024;8;;"plateau en bois";1;;;;;"Non importée";"Artisan non identifiable | Quantité, prix et montant trop lacunaires pour une vente"
323;08/07/2024;;;;1;2500;2500;2500;0;"Non importée";"Code de boutique absent | Artisan non identifiable | Désignation absente"
324;09/07/2024;;;miel;1;1000;1000;1000;0;Importée;"Code de boutique absent | Artisan non identifiable"
326;12/07/2024;01;;"Vin Mica";1;3000;3000;3000;0;Importée;"Artisan non identifiable"
327;16/07/2024;"salle innovat";;"Thé Bio / PYGMÉE";1;;;;;"Non importée";"Artisan non identifiable | Quantité, prix et montant trop lacunaires pour une vente"
328;16/07/2024;;;"Infection intestinal";1;3000;3000;3000;0;Importée;"Date reprise de la ligne précédente | Code de boutique absent | Artisan non identifiable"
329;16/07/2024;"Salle innovation";"M. Richard";"lait de tsai";1;2000;2000;2000;0;Importée;"Date reprise de la ligne précédente"
330;25/07/2024;Vitrine;;"lait éclat";1;3000;3000;3000;0;Importée;"Artisan non identifiable"
331;26/07/2024;13;;chapeau;1;2500;2500;2500;0;Importée;"Artisan non identifiable"
332;26/07/2024;10;"Chic Decor";chaine;1;35000;35000;35000;0;Importée;"Date reprise de la ligne précédente"
333;26/07/2024;;"Chic Decor";chapeau;1;8000;8000;8000;0;Importée;"Date reprise de la ligne précédente | Code de boutique absent"
334;26/07/2024;14;"Mda Sidonie";"chapeau blanc";1;4000;4000;4000;0;Importée;"Date reprise de la ligne précédente | Rapprochement d'artisan écarté : sous le seuil : « Mme Sidonie » à 81,8 %"
335;28/07/2024;Hall;;miel;1;3000;3000;3000;0;Importée;"Artisan non identifiable"
337;30/07/2024;"Salle d'innovation";;chocolat;1;1000;1000;1000;0;Importée;"Artisan non identifiable | Prix unitaire déduit du montant et de la quantité"
338;31/07/2024;;Hall;miel;1;2500;2500;2500;0;Importée;"Code de boutique absent"
339;31/07/2024;;;"Thé Bio nature";1;1500;1500;1500;0;Importée;"Code de boutique absent | Artisan non identifiable"
340;31/07/2024;06;;"Savon liquide";1;500;500;500;0;Importée;"Artisan non identifiable"
342;31/07/2024;Hall;;"miel Bonzan";1;2000;2000;2000;0;Importée;"Artisan non identifiable"
343;02/08/2024;"Vitrine Hall";;"Savon sambasila";1;300;300;300;0;Importée;"Artisan non identifiable"
344;02/08/2024;"Maison de la poudre";"Vitrine Hall";"Détergent en poudre";1;250;250;250;0;Importée;"Date reprise de la ligne précédente"
345;04/08/2024;B-05;;"savon liquide";1;1000;1000;1000;0;Importée;"Artisan non identifiable"
346;04/08/2024;B-05;;"savon liquide PM";1;500;500;500;0;Importée;"Artisan non identifiable"
347;05/08/2024;"Vitrine Hall";;"savon germant";1;1000;1000;1000;0;Importée;"Artisan non identifiable"
348;05/08/2024;"Vitrine Hall";;"carte vitre";1;1500;1500;1500;0;Importée;"Artisan non identifiable"
349;06/08/2024;Vitrine;;gommage;1;2500;2500;2500;0;Importée;"Artisan non identifiable"
350;09/08/2024;"STE C";;"Poudre Ginseng";1;4000;4000;4000;0;Importée;"Artisan non identifiable"
351;09/08/2024;;;Poudre;1;1500;1500;1500;0;Importée;"Code de boutique absent | Artisan non identifiable"
352;10/08/2024;Lumière;;"Farine de patate";1;4000;4000;4000;0;Importée;"Artisan non identifiable"
353;12/08/2024;Hall;;"Miel Bonzan";1;1500;1500;1500;0;Importée;"Artisan non identifiable"
354;14/08/2024;B14;;Bouillie;1;1500;1500;1500;0;Importée;"Artisan non identifiable"
355;14/08/2024;Hall;;"Miel Bonzan";1;4000;4000;4000;0;Importée;"Artisan non identifiable"
356;16/08/2024;B14;;Kaba;2;1500;3000;3000;0;Importée;"Artisan non identifiable"
358;23/08/2024;"B 01";;"Thé YAN'S TEA";1;2000;2000;2000;0;Importée;"Artisan non identifiable"
359;23/08/2024;"B 02";;"Cuir d'or ""I&O""";1;2000;2000;2000;0;Importée;"Artisan non identifiable"
360;23/08/2024;"B 02";;"Cuir d'or ""I&O"" same";1;2000;2000;2000;0;Importée;"Artisan non identifiable"
361;23/08/2024;Hall;;miel;1;2500;2500;2500;0;Importée;"Artisan non identifiable"
362;26/08/2024;5;;miel;2;2500;5000;5000;0;Importée;"Artisan non identifiable"
363;27/08/2024;"B 12";;"Farine Patate";1;1500;1500;1500;0;Importée;"Artisan non identifiable"
364;27/08/2024;"B 09";;"Ensemble Bracelet + Chaîne";1;3500;3500;3500;0;Importée;"Artisan non identifiable"
365;28/08/2024;Salle1;;Bandeau;1;1000;1000;1000;0;Importée;"Artisan non identifiable"
366;28/08/2024;B10;"Chic Decor";"Porte clé";1;15000;15000;15000;0;Importée;"Date reprise de la ligne précédente"
367;28/08/2024;B10;"Chic Decor";Bracelet;1;500;500;500;0;Importée;"Date reprise de la ligne précédente"
368;28/08/2024;B07;;Tableau;1;45000;45000;45000;0;Importée;"Date reprise de la ligne précédente | Artisan non identifiable"
369;28/08/2024;B07;;Bracelet;1;5000;5000;5000;0;Importée;"Date reprise de la ligne précédente | Artisan non identifiable"
370;28/08/2024;B12;;Bracelet;1;5000;5000;5000;0;Importée;"Date reprise de la ligne précédente | Artisan non identifiable"
371;28/08/2024;Hall;;Arachide;1;10000;10000;10000;0;Importée;"Date reprise de la ligne précédente | Artisan non identifiable"
376;04/09/2024;B01;;Vin;2;4500;9000;9000;0;Importée;"Artisan non identifiable"
382;05/09/2024;;Badik;;1;1000;1000;1000;0;"Non importée";"Code de boutique absent | Désignation absente"
383;06/09/2024;Hall;;Miel;1;2500;2500;2500;0;Importée;"Artisan non identifiable"
386;09/09/2024;;Tcdaire;Piment;2;1500;3000;3000;0;Importée;"Code de boutique absent"
387;10/09/2024;;;Yaourt;2;500;1000;1000;0;Importée;"Code de boutique absent | Artisan non identifiable"
388;11/09/2024;B05;;Vinaigre;1;300;300;300;0;Importée;"Artisan non identifiable"
390;11/09/2024;B01;;Vin;1;4500;4500;4500;0;Importée;"Artisan non identifiable"
391;11/09/2024;;"Guy Marcel";Miel;1;2000;2000;2000;0;Importée;"Code de boutique absent"
394;13/09/2024;B14;;Chapeau;1;15000;15000;15000;0;Importée;"Artisan non identifiable"
402;17/09/2024;;"Guy Marcel";miel;1;4000;4000;4000;0;Importée;"Code de boutique absent"
403;17/09/2024;B06;Sidonie;Panier;1;1000;1000;1000;0;Importée;"Date reprise de la ligne précédente"
404;17/09/2024;;Madi;"poudre cheveux";1;3000;3000;3000;0;Importée;"Date reprise de la ligne précédente | Code de boutique absent"
405;18/09/2024;B01;;Propolis;1;2500;2500;2500;0;Importée;"Artisan non identifiable"
406;18/09/2024;;"M. Richard";"Thé aloevera";2;2000;4000;4000;0;Importée;"Date reprise de la ligne précédente | Code de boutique absent"
407;18/09/2024;;"Guy Marcel";Miel;1;2000;2000;2000;0;Importée;"Date reprise de la ligne précédente | Code de boutique absent"
408;18/09/2024;;"D. Floralie";"Thé camomille";1;2000;2000;2000;0;Importée;"Date reprise de la ligne précédente | Code de boutique absent | Rapprochement d'artisan écarté : sous le seuil : « Floralis » à 77,8 %"
409;18/09/2024;B01;"Guekam philippe";"Vin de cola";1;2500;2500;2500;0;Importée;"Date reprise de la ligne précédente"
410;18/09/2024;B01;"Guy Marcel";Miel;1;4000;4000;4000;0;Importée;"Date reprise de la ligne précédente"
411;18/09/2024;B01;Tcdaire;"clou de girofle";2;1000;2000;2000;0;Importée;"Date reprise de la ligne précédente"
412;18/09/2024;B01;"Guekam philippe";"Vin Bita cola";1;2500;2500;2500;0;Importée;"Date reprise de la ligne précédente"
414;24/09/2024;;Floralie;croquette;1;1500;1500;1500;0;Importée;"Code de boutique absent"
415;25/09/2024;;"Adoumam Chantal";"savon noir";1;1000;1000;1000;0;Importée;"Code de boutique absent"
416;25/09/2024;;Floralie;croquette;3;100;300;300;0;Importée;"Code de boutique absent"
417;27/09/2024;;Floralie;croquette;2;100;200;200;0;Importée;"Code de boutique absent"
418;30/09/2024;;Madi;"Savon noir";1;2500;2500;2500;0;Importée;"Code de boutique absent"
419;30/09/2024;;Madi;Shampoing;1;2500;2500;2500;0;Importée;"Code de boutique absent"
420;30/09/2024;;Madi;gommage;1;5000;5000;5000;0;Importée;"Code de boutique absent"
421;02/10/2024;;Floralie;croquette;2;100;200;200;0;Importée;"Code de boutique absent"
422;03/10/2024;;Aboubakar;Masque;1;8000;8000;8000;0;Importée;"Code de boutique absent"
423;03/10/2024;;Ibrahim;"Tableau 3";1;15000;15000;15000;0;Importée;"Code de boutique absent"
424;03/10/2024;;"Tchana sandra";"col echant";1;3500;3500;3500;0;Importée;"Code de boutique absent"
425;08/10/2024;;Floralie;croquette;4;100;400;400;0;Importée;"Code de boutique absent"
426;08/10/2024;;Floralie;Javel;1;2000;2000;2000;0;Importée;"Code de boutique absent"
427;08/10/2024;;GIC;"Anti poison";1;2000;2000;2000;0;Importée;"Code de boutique absent"
428;08/10/2024;;Floralie;croquette;3;100;300;300;0;Importée;"Date reprise de la ligne précédente | Code de boutique absent"
429;09/10/2024;;"Madi cos";"baume noir";1;500;500;500;0;Importée;"Code de boutique absent"
430;09/10/2024;B02;;"Huile de coco";2;1000;2000;2000;0;Importée;"Artisan non identifiable"
431;10/10/2024;;Floralie;Vinaigre;1;500;500;500;0;Importée;"Code de boutique absent"
432;10/10/2024;;Floralie;"savon liquide";1;500;500;500;0;Importée;"Code de boutique absent"
435;11/10/2024;B01;;Miel;2;3000;6000;6000;0;Importée;"Artisan non identifiable"
436;11/10/2024;;;Miel;1;4000;4000;4000;0;Importée;"Code de boutique absent | Artisan non identifiable"
437;11/10/2024;"Box 6";Floralie;Javel;1;2000;2000;2000;0;Importée;"Date reprise de la ligne précédente"
442;16/10/2024;;Floralie;Javel;1;700;700;700;0;Importée;"Date reprise de la ligne précédente | Code de boutique absent"
443;16/10/2024;B01;"Guekam Philippe";"Whiskey d'avocat";1;1000;1000;1000;0;Importée;"Date reprise de la ligne précédente"
444;16/10/2024;B02;;miel;1;3000;3000;3000;0;Importée;"Date reprise de la ligne précédente | Artisan non identifiable"
445;16/10/2024;B01;Jonas;"Vin d'orange";1;3500;3500;3500;0;Importée;"Date reprise de la ligne précédente"
447;19/10/2024;B02;Djotio;"charbon vegetal";1;1500;1500;1500;0;Importée;"Date reprise de la ligne précédente"
448;19/10/2024;Hall;"Titi Bio";ginger;1;500;500;500;0;Importée;"Date reprise de la ligne précédente"
450;21/10/2024;;Floralie;croquette;1;100;100;100;0;Importée;"Code de boutique absent"
451;21/10/2024;;Floralie;"Savon liquide";1;500;500;500;0;Importée;"Date reprise de la ligne précédente | Code de boutique absent"
452;21/10/2024;;"Guekam Tchana";"N'Gyum Apitara";1;3000;3000;3000;0;Importée;"Date reprise de la ligne précédente | Code de boutique absent"
453;21/10/2024;;Formation;miel;1;2500;2500;2500;0;Importée;"Date reprise de la ligne précédente | Code de boutique absent"
454;21/10/2024;;Djotio;"charbon vegetal";1;1500;1500;1500;0;Importée;"Date reprise de la ligne précédente | Code de boutique absent"
455;21/10/2024;;Tcdaire;"clou de girofle";2;1000;2000;2000;0;Importée;"Code de boutique absent"
456;25/10/2024;B01;"Guekam Philippe";"vin de bitacola";;;;;;"Non importée";"Quantité, prix et montant trop lacunaires pour une vente"
459;28/10/2024;;Floralie;Vinaigre;1;300;300;300;0;Importée;"Date reprise de la ligne précédente | Code de boutique absent"
463;31/10/2024;;;"Savon liquide";1;3500;3500;3500;0;Importée;"Date reprise de la ligne précédente | Code de boutique absent | Artisan non identifiable"
464;01/11/2024;;;croquette;1;100;100;100;0;Importée;"Code de boutique absent | Artisan non identifiable"
465;01/11/2024;;;croquette;6;100;600;600;0;Importée;"Code de boutique absent | Artisan non identifiable"
466;04/11/2024;;Tchanou;Nigelle;1;1000;1000;1000;0;Importée;"Code de boutique absent"
467;04/11/2024;;Floralie;croquette;2;100;200;200;0;Importée;"Date reprise de la ligne précédente | Code de boutique absent"
468;05/11/2024;;Floralie;croquette;5;100;500;500;0;Importée;"Code de boutique absent"
469;05/11/2024;;"Madi Cos";"Huile chebe";1;1500;1500;1500;0;Importée;"Code de boutique absent | Rapprochement d'artisan écarté : sous le seuil : « Nadicos » à 80,0 %"
470;05/11/2024;;Fideline;baume;1;500;500;500;0;Importée;"Code de boutique absent"
471;05/11/2024;;Tchanou;"Pignon africain";1;3000;3000;3000;0;Importée;"Date reprise de la ligne précédente | Code de boutique absent"
472;06/11/2024;;"Titi Bio";curcuma;1;500;500;500;0;Importée;"Code de boutique absent"
473;06/11/2024;;;gingembre;1;500;500;500;0;Importée;"Date reprise de la ligne précédente | Code de boutique absent | Artisan non identifiable"
474;06/11/2024;B06;Floralis;Croquette;3;1000;3000;3000;0;Importée;"Date reprise de la ligne précédente"
475;12/11/2024;B02;"Mba simone";NYEDO;1;5500;5500;5500;0;Importée;"Rapprochement d'artisan écarté : sous le seuil : « MBOULÉ simone » à 78,3 %"
476;12/11/2024;B02;TSAMATAT;"huile essentielle d'ail";1;2000;2000;2000;0;Importée;"Rapprochement d'artisan écarté : sous le seuil : « TSANIMAT » à 75,0 %"
481;14/11/2024;B06;;"eau de javel";1;700;700;700;0;Importée;"Artisan non identifiable"
486;14/11/2024;B021;JONAS;"Vin d'oignon";1;3000;3000;3000;0;Importée;"Rapprochement d'artisan écarté : sous le seuil : « M. Jonas » à 83,3 %"
487;15/11/2024;B03;;"Vin moelleux";1;5000;5000;5000;0;Importée;"Artisan non identifiable"
492;20/11/2024;B012;;"une paire de boucle p.t";1;1000;1000;1000;0;Importée;"Artisan non identifiable"
496;25/11/2024;B01;"MBOULÉ simone";"Vin d'avocat chateau des monts";1;3500;3500;3500;0;Importée;"Date reprise de la ligne précédente"
511;03/12/2024;B011;;"Canne, chapeau, éventaille";1;38000;38000;38000;0;Importée;"Artisan non identifiable"
518;06/12/2024;B06;Doro;"beurre de karité";1;1000;1000;1000;0;Importée;"Rapprochement d'artisan écarté : sous le seuil : « Dora » à 75,0 %"
520;06/12/2024;B02;Téclaire;Propolis;1;2000;2000;2000;0;Importée;"Rapprochement d'artisan écarté : sous le seuil : « Tcdaire » à 80,0 %"
526;09/12/2024;B03;;miel;1;500;500;500;0;Importée;"Artisan non identifiable"
542;20/12/2024;B07;;masque;1;5000;5000;5000;0;Importée;"Artisan non identifiable"
556;21/01/2025;B03;;miel;1;2500;2500;2500;0;Importée;"Artisan non identifiable"
557;22/01/2025;B02;;"VOA Congo Africain";1;3000;3000;3000;0;Importée;"Artisan non identifiable"
562;23/01/2025;B12;;bracelet;2;2500;5000;5000;0;Importée;"Artisan non identifiable"
563;24/01/2025;B08;;miel;2;2500;5000;5000;0;Importée;"Artisan non identifiable"
564;24/01/2025;B12;;"bras boucle";1;1000;1000;1000;0;Importée;"Artisan non identifiable"
568;27/01/2025;B12;;babouche;1;3000;3000;3000;0;Importée;"Artisan non identifiable"
569;27/01/2025;B12;;bague;1;500;500;500;0;Importée;"Artisan non identifiable"
570;27/01/2025;B12;;couronne;1;1500;1500;1500;0;Importée;"Artisan non identifiable"
573;27/01/2025;B03;;"miel oku";1;5000;5000;5000;0;Importée;"Artisan non identifiable"
574;27/01/2025;B01;;"Vin de bitacola";1;1000;1000;1000;0;Importée;"Artisan non identifiable"
575;31/01/2025;B015;Guekam;"vin de cola + bita cola (3x)";2;2500;15000;5000;10000;Importée;"Écart signalé à la source (ECART) | Écart de calcul : montant transcrit différent de quantité × prix"
577;31/01/2025;B010;;bracelet;1;9000;9000;9000;0;Importée;"Artisan non identifiable"
580;01/02/2025;B03;;miel;3;2500;7500;7500;0;Importée;"Artisan non identifiable"
584;01/02/2025;B02;;"Clou de girofle";2;1000;2000;2000;0;Importée;"Artisan non identifiable"
585;01/02/2025;B03;;miel;1;2500;2500;2500;0;Importée;"Artisan non identifiable"
588;03/02/2025;B02;;"Piment en poudre";1;1000;1000;1000;0;Importée;"Artisan non identifiable"
593;06/02/2025;B03;;"bouteille de miel";1;1000;1000;1000;0;Importée;"Artisan non identifiable"
596;07/02/2025;B12;;bague;2;500;1000;1000;0;Importée;"Artisan non identifiable"
597;08/02/2025;B13;;"foulard NDOP";1;10000;10000;10000;0;Importée;"Artisan non identifiable"
599;10/02/2025;B;;miel;1;4000;4000;4000;0;Importée;"Artisan non identifiable"
600;08/01/2025;B03;;miel;1;2500;2500;2500;0;Importée;"Artisan non identifiable"
611;10/02/2025;B01;;"Whisky bitacola";1;1000;1000;1000;0;Importée;"Artisan non identifiable"
612;13/02/2025;B06;;"bracelet en perles";1;17500;17500;17500;0;Importée;"Artisan non identifiable | Quantité déduite du montant et du prix"
614;17/02/2025;B03;;"The d'Eucalyptus";1;4500;4500;4500;0;Importée;"Artisan non identifiable"
615;20/02/2025;B12;;bijou;1;2500;2500;2500;0;Importée;"Artisan non identifiable"
617;17/02/2025;B03;;miel;1;2500;2500;2500;0;Importée;"Artisan non identifiable"
621;21/02/2025;B02;;"Be San";1;1000;1000;1000;0;Importée;"Artisan non identifiable"
626;24/02/2025;B02;;Ginseng;1;1000;1000;1000;0;Importée;"Artisan non identifiable"
630;27/02/2025;B03;;miel;2;2500;5000;5000;0;Importée;"Artisan non identifiable"
632;28/02/2025;B02;;"vin de miel";1;5000;5000;5000;0;Importée;"Artisan non identifiable"
636;03/03/2025;B01;;"Vin de cola";1;2500;2500;2500;0;Importée;"Artisan non identifiable"
639;04/03/2025;B06;"en Floralis";croquette;3;100;300;300;0;Importée;"Rapprochement d'artisan écarté : sous le seuil : « Floralis » à 84,2 %"
640;04/03/2025;B03;;miel;1;2500;2500;2500;0;Importée;"Artisan non identifiable"
643;04/03/2025;B12;;bijou;1;2500;2500;2500;0;Importée;"Artisan non identifiable"
649;07/03/2025;B03;;miel;2;2000;4000;4000;0;Importée;"Artisan non identifiable"
650;07/03/2025;B03;;miel;1;2500;2500;2500;0;Importée;"Artisan non identifiable"
652;11/03/2025;B001;;"Vin avocat";1;3500;3500;3500;0;Importée;"Artisan non identifiable"
653;11/03/2025;B001;;"Wisky avocat";1;1000;1000;1000;0;Importée;"Artisan non identifiable"
654;11/03/2025;B001;;"wisky bitacola";1;1000;1000;1000;0;Importée;"Artisan non identifiable"
659;12/03/2025;B03;;miel;1;2500;2500;2500;0;Importée;"Artisan non identifiable"
660;13/03/2025;B03;;miel;2;1000;2000;2000;0;Importée;"Artisan non identifiable"
661;13/03/2025;B06;;croquette;5;100;500;500;0;Importée;"Artisan non identifiable"
662;14/03/2025;B001;"M. KAMTA";"Vin thérapeutique";2;2500;5000;5000;0;Importée;"Rapprochement d'artisan écarté : sous le seuil : « KAMTA » à 83,3 %"
663;14/03/2025;B001;"M. NGUEKAM";"Vin bitacola";3;2500;7500;7500;0;Importée;"Rapprochement d'artisan écarté : sous le seuil : « Guekam » à 80,0 %"
664;14/03/2025;B01;"M. NGUEKAM";"Vin Cola";1;2500;2500;2500;0;Importée;"Rapprochement d'artisan écarté : sous le seuil : « Guekam » à 80,0 %"
665;14/03/2025;B12;"M. DJOKO";Collier;1;3000;3000;3000;0;Importée;"Rapprochement d'artisan écarté : sous le seuil : « Djoko » à 83,3 %"
666;14/03/2025;B13;"M. DJOKO";Chapeau;1;5000;5000;5000;0;Importée;"Rapprochement d'artisan écarté : sous le seuil : « Djoko » à 83,3 %"
667;14/03/2025;B13;;habit;1;5000;5000;5000;0;Importée;"Artisan non identifiable"
669;14/03/2025;B14;"Mme Sidonie";Sac;1;5000;5000;5000;0;Importée;"Rapprochement d'artisan écarté : sous le seuil : « Sidonie » à 77,8 %"
676;23/03/2025;B01;;"Vin avocat";1;2500;2500;2500;0;Importée;"Artisan non identifiable"
679;24/03/2025;B11;"M. NABOU";"paca ndop";1;4000;4000;4000;0;Importée;"Rapprochement d'artisan écarté : sous le seuil : « Mambou » à 76,9 %"
680;24/03/2025;B11;;evantail;1;3500;3500;3500;0;Importée;"Artisan non identifiable"
681;24/03/2025;B01;"Mme Mboule";"Vin avocat";1;1500;1500;1500;0;Importée;"Rapprochement d'artisan écarté : sous le seuil : « Mboule » à 75,0 %"
682;24/03/2025;B01;;"huile avocat";1;2500;2500;2500;0;Importée;"Artisan non identifiable"
683;24/03/2025;B01;;"Vin thérapeutique";1;2000;2000;2000;0;Importée;"Artisan non identifiable"
684;24/03/2025;B02;;"cure diabète";1;1000;1000;1000;0;Importée;"Artisan non identifiable"
685;24/03/2025;B03;"Mme Mboule";miel;2;3500;7000;7000;0;Importée;"Rapprochement d'artisan écarté : sous le seuil : « Mboule » à 75,0 %"
686;24/03/2025;B01;"Mme Mboule";"Vin d'avocat";1;500;500;500;0;Importée;"Rapprochement d'artisan écarté : sous le seuil : « Mboule » à 75,0 %"
696;02/04/2025;B03;;miel;1;2500;2500;2500;0;Importée;"Artisan non identifiable"
701;03/04/2025;B03;;miel;1;2500;2500;2500;0;Importée;"Artisan non identifiable"
702;03/04/2025;B12;;bracelet;1;2500;2500;2500;0;Importée;"Artisan non identifiable"
707;07/04/2025;B03;;miel;1;2500;2500;2500;0;Importée;"Artisan non identifiable"
711;08/04/2025;B11;;Évantail;2;4000;8000;8000;0;Importée;"Artisan non identifiable"
712;10/04/2025;B01;"M. NGUEKAM";"Bita cola";3;2500;7500;7500;0;Importée;"Rapprochement d'artisan écarté : sous le seuil : « Guekam » à 80,0 %"
713;11/04/2025;B01;"M. NGUEKAM";"Vin cola";3;2500;7500;7500;0;Importée;"Rapprochement d'artisan écarté : sous le seuil : « Guekam » à 80,0 %"
734;25/04/2025;B06;"Flo Croquette";croquette;2;100;200;200;0;Importée;"Rapprochement d'artisan écarté : sous le seuil : « croquette » à 81,8 %"
737;28/04/2025;B02;"Mme Christelle";Pygmé;1;3000;3000;3000;0;Importée;"Rapprochement d'artisan écarté : sous le seuil : « Christelle » à 83,3 %"
741;30/04/2025;B03;;miel;1;3000;3000;3000;0;Importée;"Artisan non identifiable"
745;05/05/2025;B03;;miel;1;2500;2500;2500;0;Importée;"Artisan non identifiable"
750;08/05/2025;B02;;"Fétide épices";1;500;500;500;0;Importée;"Artisan non identifiable"
752;09/05/2025;B06;Floralis;"eau de javel";1;500;350;500;-150;Importée;"Écart signalé à la source (ECART) | Écart de calcul : montant transcrit différent de quantité × prix"
753;09/05/2025;B03;;miel;1;2500;2500;2500;0;Importée;"Artisan non identifiable"
754;09/05/2025;B04;;chapeau;1;2500;2500;2500;0;Importée;"Artisan non identifiable"
757;14/05/2025;B03;;miel;2;2500;5000;5000;0;Importée;"Artisan non identifiable"
758;14/05/2025;B02;;Artemesia;2;2000;4000;4000;0;Importée;"Artisan non identifiable"
766;14/05/2025;B06;;"biscuit de Potato";2;500;1000;1000;0;Importée;"Artisan non identifiable"
771;22/05/2025;B07;;masque;1;15000;15000;15000;0;Importée;"Artisan non identifiable"
774;22/05/2025;B014;;Chapeau;1;4000;4000;4000;0;Importée;"Artisan non identifiable"
775;28/05/2025;B01;;"Vin Therapeutig";2;3000;6000;6000;0;Importée;"Artisan non identifiable"
781;29/05/2025;B01;"Mme Mboule";"Vin d'avocat";1;3500;3500;3500;0;Importée;"Rapprochement d'artisan écarté : sous le seuil : « Mboule » à 75,0 %"
790;30/05/2025;B03;;miel;1;3000;3000;3000;0;Importée;"Artisan non identifiable"
797;03/06/2025;B06;"M. floralis";croquette;29;100;290;2900;-2610;Importée;"Écart signalé à la source (ECART) | Écart de calcul : montant transcrit différent de quantité × prix"
799;05/06/2025;B14;;panier;3;3000;9000;9000;0;Importée;"Artisan non identifiable"
804;12/06/2025;B03;;"miel NL";1;2500;2500;2500;0;Importée;"Artisan non identifiable"
809;13/06/2025;B14;"Mme Sidonie";Sorgo;1;9000;9000;9000;0;Importée;"Rapprochement d'artisan écarté : sous le seuil : « Sidonie » à 77,8 %"
810;13/06/2025;B03;;miel;1;2500;2500;2500;0;Importée;"Artisan non identifiable"
811;13/06/2025;B06;Floralis;"Savon liquide";;;;;;"Non importée";"Quantité, prix et montant trop lacunaires pour une vente"
815;16/06/2025;B02;"Personne *";"Spécial baume shama (NB: A revoir)";2;4000;2000;8000;-6000;Importée;"Écart signalé à la source (ECART) | Écart de calcul : montant transcrit différent de quantité × prix"
820;19/06/2025;B02;;"cure typhoide";1;2000;2000;2000;0;Importée;"Artisan non identifiable"
828;27/06/2025;B02;;"Casserole Tiyphoid";1;2000;2000;2000;0;Importée;"Artisan non identifiable"
829;27/06/2025;B06;Nora;"Savon hibiscus";1;1000;1000;1000;0;Importée;"Rapprochement d'artisan écarté : sous le seuil : « Dora » à 75,0 %"
832;27/06/2025;B03;;"miel bamoun";1;2500;2500;2500;0;Importée;"Artisan non identifiable"
834;30/06/2025;B06;Floralis;croquette;1;1500;1500;1500;0;Importée;"Année déduite de la ligne précédente"
835;30/06/2025;B06;Floralis;croquette;10;100;1000;1000;0;Importée;"Année déduite de la ligne précédente"
836;02/07/2025;B01;GUEKAN;"Vin koka cola";2;2500;5000;5000;0;Importée;"Rapprochement d'artisan écarté : sous le seuil : « Guekam » à 83,3 %"
838;02/07/2025;B002;GUEKAN;"Vin koka cola";4;2500;10000;10000;0;Importée;"Rapprochement d'artisan écarté : sous le seuil : « Guekam » à 83,3 %"
839;02/07/2025;"""";GUEKAN;"Vin cola";4;2500;10000;10000;0;Importée;"Date reprise de la ligne précédente | Code de boutique repris de la ligne précédente | Rapprochement d'artisan écarté : sous le seuil : « Guekam » à 83,3 %"
840;02/07/2025;"""";GUEKAN;"Vin cola";4;2500;10000;10000;0;Importée;"Date reprise de la ligne précédente | Code de boutique repris de la ligne précédente | Nom d'artisan repris de la ligne précédente | Rapprochement d'artisan écarté : sous le seuil : « Guekam » à 83,3 %"
841;02/07/2025;"""";GUEKAN;"Vin koka cola";2;2500;5000;5000;0;Importée;"Date reprise de la ligne précédente | Code de boutique repris de la ligne précédente | Nom d'artisan repris de la ligne précédente | Rapprochement d'artisan écarté : sous le seuil : « Guekam » à 83,3 %"
842;07/07/2025;B03;"Guy marcel";miel;2;5000;10000;10000;0;Importée;"Année déduite de la ligne précédente"
843;07/07/2025;B06;Floralis;croquette;1;1500;1500;1500;0;Importée;"Année déduite de la ligne précédente"
844;07/07/2025;B03;"Guy marcel";miel;1;2500;2500;2500;0;Importée;"Année déduite de la ligne précédente"
845;07/07/2025;B007;"M. Jonas";"Vin de gingembre";1;3500;3500;3500;0;Importée;"Année déduite de la ligne précédente"
846;07/07/2025;B09;"M. Tchinda";bol;1;25000;25000;25000;0;Importée;"Année déduite de la ligne précédente"
847;08/07/2025;B01;"M. Guekan";"Vin de bibisse";1;2500;2500;2500;0;Importée;"Année déduite de la ligne précédente"
848;08/07/2025;B06;Floralis;Vinaigre;1;3000;3000;3000;0;Importée;"Année déduite de la ligne précédente"
849;08/07/2025;B06;Floralis;Croquette;7;100;700;700;0;Importée;"Année déduite de la ligne précédente"
850;08/07/2025;B01;"Mme Thérèse";"Jus naturel";6;500;3000;3000;0;Importée;"Année déduite de la ligne précédente | Rapprochement d'artisan écarté : sous le seuil : « Mme Thérèse Dogmo » à 78,6 %"
851;08/07/2025;B26;"ETS SAYA Desire";"Cookies de manioc";1;200;200;200;0;Importée;"Année déduite de la ligne précédente"
852;10/07/2025;B06;"ETS SAYA";"Biscuit de manioc choco";1;500;500;500;0;Importée;"Année déduite de la ligne précédente"
853;10/07/2025;B06;"ESSAYA Desire";"miel Bangou";1;800;800;800;0;Importée;"Année déduite de la ligne précédente"
854;11/07/2025;B09;"M. Guy florel";"miel Bangou";2;5000;10000;10000;0;Importée;"Année déduite de la ligne précédente"
855;12/07/2025;B06;Floralis;croquette;5;100;500;500;0;Importée;"Année déduite de la ligne précédente"
856;14/07/2025;B06;Nadis;menthos;1;500;500;500;0;Importée;"Année déduite de la ligne précédente | Rapprochement d'artisan écarté : sous le seuil : « Nadicos » à 83,3 %"
857;14/07/2025;B06;Floralis;Croquette;5;1000;5000;5000;0;Importée;"Année déduite de la ligne précédente"
858;14/07/2025;B07;"SONGWE stéphane";masque;1;5000;5000;5000;0;Importée;"Année déduite de la ligne précédente"
859;14/07/2025;B08;"TCHINDA GBATCHOU";Statuette;1;7500;7500;7500;0;Importée;"Année déduite de la ligne précédente"
860;14/07/2025;B09;"SONGWE Stéphane";Statuette;1;9000;9000;9000;0;Importée;"Année déduite de la ligne précédente"
861;14/07/2025;B06;"ETS SAYA";"Cookies manioc";2;200;400;400;0;Importée;"Année déduite de la ligne précédente"
862;14/07/2025;B02;GUEKAN;"Vin koka cola";1;2500;2500;2500;0;Importée;"Année déduite de la ligne précédente | Rapprochement d'artisan écarté : sous le seuil : « Guekam » à 83,3 %"
863;14/07/2025;B06;"Mme doflorealis";"lait de reparation";5;100;500;500;0;Importée;"Année déduite de la ligne précédente | Rapprochement d'artisan écarté : sous le seuil : « en Floralis » à 76,9 %"
864;15/07/2025;B06;"ETS SAYA";"croquette manioc";2;200;400;400;0;Importée;"Année déduite de la ligne précédente"
865;15/07/2025;B06;"ETS SAYA";"Cookies manioc";5;200;1000;1000;0;Importée;"Année déduite de la ligne précédente"
866;15/07/2025;"""";"ETS SAYA";chocomanioc;1;800;800;800;0;Importée;"Année déduite de la ligne précédente | Code de boutique repris de la ligne précédente | Nom d'artisan repris de la ligne précédente"
867;15/07/2025;"""";"ETS SAYA";"biscuit manioc";1;500;500;500;0;Importée;"Année déduite de la ligne précédente | Code de boutique repris de la ligne précédente | Nom d'artisan repris de la ligne précédente"
868;15/07/2025;"""";"ETS SAYA";"Cookies patate";1;100;100;100;0;Importée;"Année déduite de la ligne précédente | Code de boutique repris de la ligne précédente | Nom d'artisan repris de la ligne précédente"
869;15/07/2025;B06;Floralis;Croquette;2;100;200;200;0;Importée;"Année déduite de la ligne précédente"
870;16/07/2025;B06;Floralis;Croquette;5;100;500;500;0;Importée;"Année déduite de la ligne précédente"
871;16/07/2025;B07;"Mme Njam Ibrahim";masque;1;12000;12000;12000;0;Importée;"Année déduite de la ligne précédente"
872;17/07/2025;B04/4;Floralis;Croquette;13;100;1300;1300;0;Importée;"Année déduite de la ligne précédente"
873;17/07/2025;B06;"ETS SAYA";"Cookies manioc";1;200;200;200;0;Importée;"Année déduite de la ligne précédente"
874;17/07/2025;B03;"YAM B";miel;1;2500;2500;2500;0;Importée;"Année déduite de la ligne précédente"
875;17/07/2025;B02;KAMTA;"Vin therapeutq";1;3000;3000;3000;0;Importée;"Année déduite de la ligne précédente"
876;18/07/2025;B02;KAMTA;"Vin therapeutq";1;2500;2500;2500;0;Importée;"Année déduite de la ligne précédente"
877;18/07/2025;B06;"ET SAYA";"Cookies manioc";2;200;400;400;0;Importée;"Année déduite de la ligne précédente"
878;18/07/2025;B06;"croquette florale";Croquette;2;100;200;200;0;Importée;"Année déduite de la ligne précédente"
879;18/07/2025;B04;Sidonie;pot;1;5000;5000;5000;0;Importée;"Année déduite de la ligne précédente"
880;18/07/2025;B04;Sidonie;"Tige de fleur";5;350;1750;1750;0;Importée;"Année déduite de la ligne précédente"
881;19/07/2025;B04;"Mme dogmo Therese";"jus fruit";2;500;1000;1000;0;Importée;"Année déduite de la ligne précédente"
882;19/07/2025;B06;Floralis;croquette;8;100;800;800;0;Importée;"Année déduite de la ligne précédente"
883;21/07/2025;B02;MDSOKEO;"Charbon vegetale";1;1500;1500;1500;0;Importée;"Année déduite de la ligne précédente"
884;21/07/2025;B01;"Mme Thérèse Dogmo";"Jus naturel";1;500;500;500;0;Importée;"Année déduite de la ligne précédente"
885;21/07/2025;B06;Floralis;"Eau de javel";1;700;700;700;0;Importée;"Année déduite de la ligne précédente"
886;21/07/2025;B06;Nadicos;Savon;1;1000;1000;1000;0;Importée;"Année déduite de la ligne précédente"
887;21/07/2025;B06;Nadicos;detergent;1;500;500;500;0;Importée;"Année déduite de la ligne précédente"
888;21/07/2025;B01;"Mme Dogmo Thérèse";Vin;1;3500;3500;3500;0;Importée;"Année déduite de la ligne précédente"
889;22/07/2025;B01;"Mme Justine";"Tableau pour decoration porte clé";1;12000;12000;12000;0;Importée;"Année déduite de la ligne précédente"
890;22/07/2025;B08;M.Tchinda;;1;10000;10000;10000;0;"Non importée";"Année déduite de la ligne précédente | Désignation absente"
891;23/07/2025;B06;Floralis;Croquette;12;100;1200;1200;0;Importée;"Année déduite de la ligne précédente"
892;23/07/2025;B06;"ETS SAYA";"Chip de manioc";2;500;1000;1000;0;Importée;"Année déduite de la ligne précédente"
893;23/07/2025;B06;Nadicos;Vinaigre;2;300;600;600;0;Importée;"Année déduite de la ligne précédente"
894;25/07/2025;B26;"Doro TSANI";"Savon Hibiscus";1;1000;1000;1000;0;Importée;"Année déduite de la ligne précédente"
895;27/07/2025;B06;Gassami;"Café Bafous";1;3500;3500;3500;0;Importée;"Année déduite de la ligne précédente"
896;26/07/2025;B01;"Mme Thérèse Dogmo";"Jus de fruit";1;500;500;500;0;Importée;"Année déduite de la ligne précédente"
897;26/07/2025;B01;"M. Jonas";"Jus de fruit";1;500;500;500;0;Importée;"Année déduite de la ligne précédente"
898;26/07/2025;B06;"Croquette Floralis";"Poudre de riz";1;1000;1000;1000;0;Importée;"Année déduite de la ligne précédente"
899;26/07/2025;B02;"M. ISEMITA";Croquette;5;300;1500;1500;0;Importée;"Année déduite de la ligne précédente"
900;26/07/2025;B06;"ETS SAYA";"Vin therapeutg";1;3000;3000;3000;0;Importée;"Année déduite de la ligne précédente"
901;28/07/2025;B02;"M. Djoho";"Biscuit d'avoine";1;200;200;200;0;Importée;"Année déduite de la ligne précédente"
902;28/07/2025;B02;"Mme Tchana";Antigastrique;1;1000;1000;1000;0;Importée;"Année déduite de la ligne précédente"
903;28/07/2025;B02;TSANIMAT;gingembre;1;500;500;500;0;Importée;"Année déduite de la ligne précédente"
904;28/07/2025;B02;TSANIMAT;Rhumargo;1;1000;1000;1000;0;Importée;"Année déduite de la ligne précédente"
905;28/07/2025;B02;TSANIMAT;Produit;1;2000;2000;2000;0;Importée;"Année déduite de la ligne précédente"
906;28/07/2025;B02;;proplis;1;3500;3500;3500;0;Importée;"Année déduite de la ligne précédente | Artisan non identifiable"
907;11/08/2025;B03;"VAR Bamenda";miel;1;3000;3000;3000;0;Importée;"Année déduite de la ligne précédente"
908;11/08/2025;B06;"Crousti delice";"biscuit manioc";1;500;500;500;0;Importée;"Année déduite de la ligne précédente"
909;11/08/2025;B06;"ETS SAYA";"cookies manioc";1;1000;1000;1000;0;Importée;"Année déduite de la ligne précédente"
910;14/08/2025;B0A;Solange;"Cafe raphia";1;3500;3500;3500;0;Importée;"Année déduite de la ligne précédente"
911;14/08/2025;B01;Mboule;"Vin avocat";2;100;200;200;0;Importée;"Année déduite de la ligne précédente"
912;26/08/2025;B06;Floralis;croquette;22;100;2200;2200;0;Importée;"Année déduite de la ligne précédente"
913;26/08/2025;B06;NGASSAM;"biscuit manioc";1;500;500;500;0;Importée;"Année déduite de la ligne précédente"
914;26/08/2025;B06;"ETS SAYA";"cookies m";1;500;500;500;0;Importée;"Année déduite de la ligne précédente"
915;26/08/2025;B03;"VAR Bamenda";miel;1;3000;3000;3000;0;Importée;"Année déduite de la ligne précédente"
916;26/08/2025;B02;"Titi Pao";Curcuma;1;500;500;500;0;Importée;"Année déduite de la ligne précédente | Rapprochement d'artisan écarté : sous le seuil : « Titi bio » à 75,0 %"
917;26/08/2025;B006;Floralis;croquette;10;100;1000;1000;0;Importée;"Année déduite de la ligne précédente"
918;27/08/2025;B003;"Guy Marcel";miel;2;5000;10000;10000;0;Importée;"Année déduite de la ligne précédente"
919;27/08/2025;B03;"Guy Marcel";piment;1;1000;1000;1000;0;Importée;"Année déduite de la ligne précédente"
920;27/08/2025;B012;Fideline;barrette;1;500;500;500;0;Importée;"Année déduite de la ligne précédente"
921;27/08/2025;B06;Nadis;vinaigre;1;300;300;300;0;Importée;"Année déduite de la ligne précédente | Rapprochement d'artisan écarté : sous le seuil : « Nadicos » à 83,3 %"
922;27/08/2025;B07;IBRAHIM;Chaise;1;30000;30000;30000;0;Importée;"Année déduite de la ligne précédente"
923;27/08/2025;;"Mme Justine";"Tableau pour decoration";2;12000;24000;24000;0;Importée;"Année déduite de la ligne précédente | Code de boutique absent"
924;27/08/2025;B01;Mboule;"Vin avocat";1;1000;1000;1000;0;Importée;"Année déduite de la ligne précédente"
925;27/08/2025;B02;;"Clou girofle";1;1000;1000;1000;0;Importée;"Année déduite de la ligne précédente | Artisan non identifiable"
926;27/08/2025;B01;GUEKAM;"Vin cola";1;2500;2500;2500;0;Importée;"Année déduite de la ligne précédente"
927;28/08/2025;B06;"ETS SAYA";Cookies;12;200;2400;2400;0;Importée;"Année déduite de la ligne précédente"
928;28/08/2025;B06;NGASSAM;"biscuit manioc";1;500;500;500;0;Importée;"Année déduite de la ligne précédente"
929;28/08/2025;B06;Floralis;Croquette;4;100;400;400;0;Importée;"Année déduite de la ligne précédente"
930;28/08/2025;B01;"M. KAMTA Vin therapeutig";"Vin therapeutig";1;2500;2500;2500;0;Importée;"Année déduite de la ligne précédente | Rapprochement d'artisan écarté : sous le seuil : « Vin Therapeutig » à 78,9 %"
931;28/08/2025;B06;Floralis;croquette;5;100;500;500;0;Importée;"Année déduite de la ligne précédente"
932;29/08/2025;;;"Tableau deco";1;12000;12000;12000;0;Importée;"Année déduite de la ligne précédente | Code de boutique absent | Artisan non identifiable"
933;30/08/2025;B06;croquette;;;;;;;"Non importée";"Année déduite de la ligne précédente | Désignation absente | Quantité, prix et montant trop lacunaires pour une vente"
934;29/08/2025;B06;Floralis;croquette;6;100;600;600;0;Importée;"Année déduite de la ligne précédente"
935;29/08/2025;B02;"M. Guekam";"Vin de Cola bitakola";6;2500;15000;15000;0;Importée;"Année déduite de la ligne précédente"
936;29/08/2025;B06;"ETS SAYA";Cookies;1;500;500;500;0;Importée;"Année déduite de la ligne précédente"
937;30/08/2025;B03;"Guy Marcel";Piment;1;1500;1500;1500;0;Importée;"Année déduite de la ligne précédente"
938;30/08/2025;B06;Floralis;"detergent liquide";1;1000;1000;1000;0;Importée;"Année déduite de la ligne précédente"
939;30/08/2025;B06;Floralis;"eau de javel";1;700;700;700;0;Importée;"Année déduite de la ligne précédente"
940;30/08/2025;B06;"croquette Floralis";croquette;6;100;600;600;0;Importée;"Année déduite de la ligne précédente"
941;01/09/2025;B06;Crousti-delice;"biscuit manioc";1;500;500;500;0;Importée;"Année déduite de la ligne précédente"
942;04/09/2025;B06;"Madi cosm";"Savon noir";1;2500;2500;2500;0;Importée;"Année déduite de la ligne précédente"
943;04/09/2025;B06;Floralis;Croquettes;10;100;1000;1000;0;Importée;"Année déduite de la ligne précédente"
944;04/09/2025;B06;"Madi cosmétique";Menthols;1;500;500;500;0;Importée;"Année déduite de la ligne précédente"
945;09/09/2025;B01;"DONGMO Therese";"Jus naturel";1;500;500;500;0;Importée;"Année déduite de la ligne précédente"
946;10/09/2025;B06;Floralis;Croquettes;4;100;400;400;0;Importée;"Année déduite de la ligne précédente"
947;10/09/2025;B012;"Mika perls";"porte clé";1;200;200;200;0;Importée;"Année déduite de la ligne précédente"
948;10/09/2025;B06;Floralis;Croquettes;13;100;1300;1300;0;Importée;"Année déduite de la ligne précédente"
949;10/09/2025;B06;Floralis;"savon liquide";1;1000;1000;1000;0;Importée;"Année déduite de la ligne précédente"
950;10/09/2025;B06;Floralis;croquettes;3;100;300;300;0;Importée;"Année déduite de la ligne précédente"
951;15/09/2025;B06;"Sorelle Cosmétique";shampoing;1;1000;1000;1000;0;Importée;"Année déduite de la ligne précédente"
952;15/09/2025;B06;"Etablissement desir";"Snips de Manioc";1;500;500;500;0;Importée;"Année déduite de la ligne précédente"
953;17/09/2025;B03;"Miel Bangou";"Miel Bangou";1;5000;5000;5000;0;Importée;"Année déduite de la ligne précédente"
954;18/09/2025;B03;"Miel Bangou";"Huile de piment";1;1000;1000;1000;0;Importée;"Année déduite de la ligne précédente"
955;19/09/2025;B03;"Miel Bangou";"Miel Bangou";1;2000;2000;2000;0;Importée;"Année déduite de la ligne précédente"
956;19/09/2025;Galerie;Galerie;"Miel blanc";1;8500;8500;8500;0;Importée;"Année déduite de la ligne précédente"
957;19/09/2025;Galerie;Galerie;"Miel brun";1;3000;3000;3000;0;Importée;"Année déduite de la ligne précédente"
958;25/09/2025;"N° 01";"Mme MBOULÉ";"Vin d'avocat";1;1000;1000;1000;0;Importée;"Année déduite de la ligne précédente"
959;30/09/2025;"N° 1";"Mme MBoulé";"Vin d'avocat";1;1000;1000;1000;0;Importée;"Année déduite de la ligne précédente"
960;30/09/2025;"N° 02";TSANIMAT;"cure de diabete";1;2000;2000;2000;0;Importée;"Année déduite de la ligne précédente"
961;30/09/2025;"N° 6";NGASSAM;"Biscuit de manioc";2;500;1000;1000;0;Importée;"Année déduite de la ligne précédente"
962;01/10/2025;"N° 6";NGASSAM;"Huile de coco";1;5000;5000;5000;0;Importée;"Année déduite de la ligne précédente"
963;01/10/2025;"N° 8";Sokoudjou;Babouche;1;8000;8000;8000;0;Importée;"Année déduite de la ligne précédente"
964;01/10/2025;"N° 6";Sorelle;"Savon noir";1;1000;1000;1000;0;Importée;"Année déduite de la ligne précédente"
965;01/10/2025;"N° 6";Sorelle;"Lait éclaircissant";1;1000;1000;1000;0;Importée;"Année déduite de la ligne précédente"
966;01/10/2025;"N° 6";Floralis;croquettes;5;100;500;500;0;Importée;"Année déduite de la ligne précédente"
967;02/10/2025;"N° 3";"M. Guy Marcel";"Miel Bangou";1;2000;2000;2000;0;Importée;"Année déduite de la ligne précédente"
968;02/10/2025;"N° 3";"M. Guy Marcel";"Miel Bangou";1;3000;3000;3000;0;Importée;"Année déduite de la ligne précédente"
969;03/10/2025;"N° 6";Floralis;Croquettes;2;100;200;200;0;Importée;"Année déduite de la ligne précédente"
970;04/10/2025;"N° 08";Sokoudjou;colliers;1;7500;7500;7500;0;Importée;"Année déduite de la ligne précédente"
971;04/10/2025;"N° 19";"M. MBIAKOP";bracelet;1;1000;1000;1000;0;Importée;"Année déduite de la ligne précédente"
972;04/10/2025;"N° 19";"M. MBIAKOP";boucles;2;700;1400;1400;0;Importée;"Année déduite de la ligne précédente"
973;04/10/2025;"N° 19";"M. MBIAKOP";"porte clés";1;1000;1000;1000;0;Importée;"Année déduite de la ligne précédente"
974;04/10/2025;"No 19";"M. MBIAKOP";bracelet;1;700;700;700;0;Importée;"Année déduite de la ligne précédente"
975;16/10/2025;"N° 1";"Mme MBoulé";"Vin d'avocat";3;3500;10500;10500;0;Importée;"Année déduite de la ligne précédente"
976;16/10/2025;"N° 6";"Madi cosmetique";Baume;2;500;1000;1000;0;Importée;"Année déduite de la ligne précédente"
977;24/10/2025;"N° 6";"Crousti Delice NGASSAM";"Biscuit de manioc";2;500;1000;1000;0;Importée;"Année déduite de la ligne précédente | Rapprochement d'artisan écarté : sous le seuil : « Crousti delice » à 77,8 %"
978;24/10/2025;;"VAR Bamenda";"Miel brun";2;3000;6000;6000;0;Importée;"Année déduite de la ligne précédente | Code de boutique absent"
979;25/10/2025;"N° 2";TSANIMAT;"Cisson Diabete";1;2000;2000;2000;0;Importée;"Année déduite de la ligne précédente"
980;24/10/2025;"N° 15";"Mme Sidonie";Pendule;1;1000;1000;1000;0;Importée;"Année déduite de la ligne précédente | Rapprochement d'artisan écarté : sous le seuil : « Sidonie » à 77,8 %"
981;24/10/2025;"N° 04";"KUEMI Jacob";Tabouret;2;2000;4000;4000;0;Importée;"Année déduite de la ligne précédente"
982;10/11/2025;;Galerie;"Miel Blanc sec";3;8500;85003;25500;59503;Importée;"Année déduite de la ligne précédente | Code de boutique absent | Écart signalé à la source (ECART) | Écart de calcul : montant transcrit différent de quantité × prix"
983;07/11/2025;06;Floralis;"eau javel";1;2000;2000;2000;0;Importée;"Année déduite de la ligne précédente"
984;11/11/2025;06;Floralis;Croquettes;6;100;600;600;0;Importée;"Année déduite de la ligne précédente"
985;14/11/2025;04;"Kuemi Jacob";"gueridon bambou";2;2000;4000;4000;0;Importée;"Année déduite de la ligne précédente"
986;12/11/2025;06;Floralis;croquettes;5;100;500;500;0;Importée;"Année déduite de la ligne précédente"
987;17/11/2025;01;"Mme Mboule";"Vin champignon";2;3500;7000;7000;0;Importée;"Année déduite de la ligne précédente | Rapprochement d'artisan écarté : sous le seuil : « Mboule » à 75,0 %"
988;17/11/2025;02;"Djoko Pokam A";"stop gastrite";1;1000;1000;1000;0;Importée;"Année déduite de la ligne précédente"
989;18/11/2025;06;Floralis;croquette;1;100;100;100;0;Importée;"Année déduite de la ligne précédente"
990;20/11/2025;06;Floralis;croquette;12;100;1200;1200;0;Importée;"Année déduite de la ligne précédente"
991;20/11/2025;06;Floralis;"Lave vitre";1;1500;1500;1500;0;Importée;"Année déduite de la ligne précédente"
992;24/11/2025;01;Guekam;"vin bitakola";1;2500;2500;2500;0;Importée;"Année déduite de la ligne précédente"
993;26/11/2025;01;JONAS;"Vin d'ail";1;3500;3500;3500;0;Importée;"Année déduite de la ligne précédente | Rapprochement d'artisan écarté : sous le seuil : « M. Jonas » à 83,3 %"
994;26/11/2025;12;"Tijou fideline";Bracelet;2;1000;2000;2000;0;Importée;"Date reprise de la ligne précédente"
995;26/11/2025;"""";"Tijou fideline";"Porte clé";1;1000;1000;1000;0;Importée;"Date reprise de la ligne précédente | Code de boutique repris de la ligne précédente | Nom d'artisan repris de la ligne précédente"
996;26/11/2025;"""";"Tijou fideline";"Porte clé";1;500;500;500;0;Importée;"Date reprise de la ligne précédente | Code de boutique repris de la ligne précédente | Nom d'artisan repris de la ligne précédente | Désignation reprise de la ligne précédente"
997;26/11/2025;"""";"Tijou fideline";bague;6;500;3000;3000;0;Importée;"Date reprise de la ligne précédente | Code de boutique repris de la ligne précédente | Nom d'artisan repris de la ligne précédente"
998;26/11/2025;"Miel VARBAMEN";Miel;bouteille;3000;1;3000;3000;0;Importée;"Date reprise de la ligne précédente"
999;26/11/2025;Floralis;croquette;sachet;500;5;500;2500;-2000;Importée;"Date reprise de la ligne précédente | Écart signalé à la source (ECART) | Écart de calcul : montant transcrit différent de quantité × prix"
1000;28/11/2025;02;"Djoko Pokam";"Charbon Vegetal";1;1500;1500;1500;0;Importée;"Année déduite de la ligne précédente"
1001;28/11/2025;06;Floralis;croquette;2;100;200;200;0;Importée;"Année déduite de la ligne précédente"
1002;03/12/2025;06;"crousti delice";biscuit;1;500;500;500;0;Importée;"Année déduite de la ligne précédente"
1003;03/12/2025;06;Floralis;croquette;3;100;300;300;0;Importée;"Année déduite de la ligne précédente"
1004;03/12/2025;09;Bambou;boucle;1;500;500;500;0;Importée;"Date reprise de la ligne précédente | Rapprochement d'artisan écarté : sous le seuil : « Mambou » à 83,3 %"
1005;04/12/2025;12;"Mika perls";"petit sac en perle";1;1500;1500;1500;0;Importée;"Année déduite de la ligne précédente"
1006;08/12/2025;06;Solista;Baume;1;500;500;500;0;Importée;"Année déduite de la ligne précédente"
1007;08/12/2025;06;Floralis;Croquette;8;100;800;800;0;Importée;"Date reprise de la ligne précédente"
1008;09/12/2025;09;"Artisan Bangante";Bracelets;4;1300;5200;5200;0;Importée;"Année déduite de la ligne précédente"
1009;09/12/2025;"""";"Artisan Bangante";bracelets;5;500;2500;2500;0;Importée;"Date reprise de la ligne précédente | Code de boutique repris de la ligne précédente | Nom d'artisan repris de la ligne précédente"
1010;09/12/2025;"""";"Artisan Bangante";bracelets;1;1000;1000;1000;0;Importée;"Date reprise de la ligne précédente | Code de boutique repris de la ligne précédente | Nom d'artisan repris de la ligne précédente"
1011;09/12/2025;"""";"Artisan Bangante";"bords d'oreille";3;500;1500;1500;0;Importée;"Date reprise de la ligne précédente | Code de boutique repris de la ligne précédente | Nom d'artisan repris de la ligne précédente"
1012;09/12/2025;"""";"Artisan Bangante";Collier;2;500;1000;1000;0;Importée;"Date reprise de la ligne précédente | Code de boutique repris de la ligne précédente | Nom d'artisan repris de la ligne précédente"
1013;09/12/2025;06;Floralis;Croquette;2;100;200;200;0;Importée;"Année déduite de la ligne précédente"
1014;09/12/2025;06;Floralis;Croquette;3;100;300;300;0;Importée;"Date reprise de la ligne précédente"
1015;10/12/2025;06;Floralis;Croquette;12;100;1200;1200;0;Importée;"Année déduite de la ligne précédente"
1016;10/12/2025;;Solista;Baume;1;250;250;250;0;Importée;"Date reprise de la ligne précédente | Code de boutique absent"
1017;12/12/2025;;Guekam;"Vin de cola";1;2500;2500;2500;0;Importée;"Année déduite de la ligne précédente | Code de boutique absent"
1018;12/12/2025;;Guekam;"Vin de bitakola";1;2500;2500;2500;0;Importée;"Année déduite de la ligne précédente | Code de boutique absent"
1019;12/12/2025;;Floralis;"Vinaigre blanc";2;300;600;600;0;Importée;"Date reprise de la ligne précédente | Code de boutique absent"
1020;12/12/2025;;Floralis;"Vinaigre 1/2 litre";2;150;300;300;0;Importée;"Date reprise de la ligne précédente | Code de boutique absent | Nom d'artisan repris de la ligne précédente"
1021;12/12/2025;;"Artisane Fbay";"biscuit de Patate";1;1000;1000;1000;0;Importée;"Date reprise de la ligne précédente | Code de boutique absent"
1022;12/12/2025;;"Artisane Fbay";"chips de pomme";2;500;1000;1000;0;Importée;"Date reprise de la ligne précédente | Code de boutique absent | Nom d'artisan repris de la ligne précédente"
1023;12/12/2025;;"Artisane Fbay";"Vin therapeutique BELLA AFRICA";1;3000;3000;3000;0;Importée;"Date reprise de la ligne précédente | Code de boutique absent | Nom d'artisan repris de la ligne précédente"
1024;12/12/2025;;Floralis;croquette;1;100;100;100;0;Importée;"Date reprise de la ligne précédente | Code de boutique absent"
1025;12/12/2025;;Floralis;"2 bouteille miel bamenda";2;8500;17000;17000;0;Importée;"Date reprise de la ligne précédente | Code de boutique absent | Nom d'artisan repris de la ligne précédente"
1026;13/12/2025;06;Floralis;Croquettes;3;300;300;900;-600;Importée;"Écart signalé à la source (ECART) | Écart de calcul : montant transcrit différent de quantité × prix"
1028;18/12/2025;06;;"Gommage facial";1;3500;3500;3500;0;Importée;"Artisan non identifiable"
1032;23/12/2025;09;MBIAKOP;Collier;1;1500;1500;1500;0;Importée;"Année déduite de la ligne précédente"
1033;23/12/2025;12;"MIKA Perls";bracelets;2;1000;2000;2000;0;Importée;"Année déduite de la ligne précédente"
1034;23/12/2025;;"Guy Marcel";"miel bangou";1;2000;2000;2000;0;Importée;"Année déduite de la ligne précédente | Code de boutique absent"
1035;23/12/2025;;"Guy Marcel";"Piment bangou";1;1000;1000;1000;0;Importée;"Année déduite de la ligne précédente | Code de boutique absent"
1036;23/12/2025;;"Chips de maïs";"Soeur monastère";1;100;100;100;0;Importée;"Année déduite de la ligne précédente | Code de boutique absent"
1037;26/12/2025;;"Cookies manioc";"ETS SAYA";1;800;800;800;0;Importée;"Année déduite de la ligne précédente | Code de boutique absent | Rapprochement d'artisan écarté : sous le seuil : « Chips manioc » à 76,9 %"
1038;26/12/2025;;"Chips manioc";"ETS SAYA";1;500;500;500;0;Importée;"Année déduite de la ligne précédente | Code de boutique absent"
1039;26/12/2025;;Caramel;monastère;1;1000;1000;1000;0;Importée;"Année déduite de la ligne précédente | Code de boutique absent"
1040;26/12/2025;;"Chips de maïs";monastère;1;100;100;100;0;Importée;"Année déduite de la ligne précédente | Code de boutique absent"
1041;26/12/2025;;Floralis;croquette;5;100;500;500;0;Importée;"Année déduite de la ligne précédente | Code de boutique absent"
1043;29/12/2025;04;"Soeur monastère";"Chips maïs";1;1000;1000;1000;0;Importée;"Rapprochement d'artisan écarté : sous le seuil : « Monastère » à 75,0 %"
1044;29/12/2025;04;"Soeur monastère";"Chips maïs";1;100;100;100;0;Importée;"Rapprochement d'artisan écarté : sous le seuil : « Monastère » à 75,0 %"
1045;29/12/2025;04;"Soeur monastère";"chips maïs";1;100;100;100;0;Importée;"Date invalide dans le registre | Rapprochement d'artisan écarté : sous le seuil : « Monastère » à 75,0 %"
1054;06/01/2026;;"Tableau décoration";Justine;1;12000;12000;12000;0;Importée;"Code de boutique absent"
1055;06/01/2026;;MBIAKOP;Tableau;1;1500;1500;1500;0;Importée;"Code de boutique absent"
1056;06/01/2026;;"Porte stylos MBIAKOP";"Porte stylos";1;500;500;500;0;Importée;"Code de boutique absent"
1057;12/01/2026;04;"Soeur monastère";"Liqueur Cacao";2;1000;2000;2000;0;Importée;"Rapprochement d'artisan écarté : sous le seuil : « Monastère » à 75,0 %"
1058;12/01/2026;04;"Soeur monastère";"Pommade multi plante";1;2000;2000;2000;0;Importée;"Rapprochement d'artisan écarté : sous le seuil : « Monastère » à 75,0 %"
1062;14/01/2026;;"CHINDA So Koudjou";"Porte clés";5;1000;5000;5000;0;Importée;"Code de boutique absent"
1063;04/03/2026;;;"Bouteille Varbat";2;;;;;"Non importée";"Code de boutique absent | Artisan non identifiable | Quantité, prix et montant trop lacunaires pour une vente"
1064;04/03/2026;;;"Var Bamenda / Varbat";2;3000;6000;6000;0;Importée;"Code de boutique absent | Artisan non identifiable"
1074;30/03/2026;;;"Tableau décoratif";1;12000;12000;12000;0;Importée;"Code de boutique absent | Artisan non identifiable"
1075;01/04/2026;06;;Javel;1;2500;2500;2500;0;Importée;"Artisan non identifiable"
1081;10/04/2026;;;"Vin thérapeutique";1;2500;2500;2500;0;Importée;"Code de boutique absent | Artisan non identifiable"
1083;16/01/2026;03;"M. Djoko Pokam Alex";"Charbon Veg";2;1500;3000;3000;0;Importée;"Rapprochement d'artisan écarté : sous le seuil : « Djoko Pokam » à 75,9 %"
1086;18/01/2026;;"Visiteur Mboule";"VINS D'AVOCAT";1;1000;1000;1000;0;Importée;"Année déduite de la ligne précédente | Code de boutique absent"
1087;20/01/2026;;"Mariam Ibrahim";Masques;3;10000;30000;30000;0;Importée;"Code de boutique absent"
1088;20/01/2026;;"Sonwa Stéphanie";chaine;1;1000;1000;1000;0;Importée;"Code de boutique absent"
1089;20/01/2026;;SOLISTA;Chips;3;100;300;300;0;Importée;"Code de boutique absent"
1090;20/01/2026;;Monastère;"Chips maïs";3;100;300;300;0;Importée;"Code de boutique absent"
1091;21/01/2026;04;Monastère;"Chips maïs";2;100;100;200;-100;Importée;"Écart signalé à la source (ECART) | Écart de calcul : montant transcrit différent de quantité × prix"
1092;21/01/2026;04;Monastère;"Chips maïs";1;1000;1000;1000;0;Importée;"Date reprise de la ligne précédente"
1093;21/01/2026;07;Chenda;Lartche;1;2000;2000;2000;0;Importée;"Date reprise de la ligne précédente | Rapprochement d'artisan écarté : sous le seuil : « Tchinda » à 76,9 %"
1094;21/01/2026;12;"Philomène perlage";babouche;1;1500;1500;1500;0;Importée;"Date reprise de la ligne précédente"
1095;27/01/2026;;SOLISTA;"Baume de nois";2;500;600;1000;-400;Importée;"Année déduite de la ligne précédente | Code de boutique absent | Écart signalé à la source (ECART) | Écart de calcul : montant transcrit différent de quantité × prix"
1096;27/01/2026;;"VAR BAMENDA";"Miel brun";1;3000;3000;3000;0;Importée;"Année déduite de la ligne précédente | Code de boutique absent"
1097;27/01/2026;;Floralis;croquet;3;300;300;900;-600;Importée;"Année déduite de la ligne précédente | Code de boutique absent | Écart signalé à la source (ECART) | Écart de calcul : montant transcrit différent de quantité × prix"
1098;29/01/2026;;Monastère;"Chips de maïs";1;100;100;100;0;Importée;"Année déduite de la ligne précédente | Code de boutique absent"
1099;29/01/2026;;Floralis;"croquet chips";3;300;300;900;-600;Importée;"Année déduite de la ligne précédente | Code de boutique absent | Écart signalé à la source (ECART) | Écart de calcul : montant transcrit différent de quantité × prix"
1100;30/01/2026;;Floralis;Croquet;2;100;100;200;-100;Importée;"Année déduite de la ligne précédente | Code de boutique absent | Écart signalé à la source (ECART) | Écart de calcul : montant transcrit différent de quantité × prix"
1101;02/02/2026;;Floralis;"Savon 5 litre";1;4000;4000;4000;0;Importée;"Année déduite de la ligne précédente | Code de boutique absent"
1102;02/02/2026;;Floralis;"Savon 1 litre";1;1000;1000;1000;0;Importée;"Année déduite de la ligne précédente | Code de boutique absent | Nom d'artisan repris de la ligne précédente"
1103;02/02/2026;;Floralis;"Savon 1/2 litre";1;500;500;500;0;Importée;"Année déduite de la ligne précédente | Code de boutique absent | Nom d'artisan repris de la ligne précédente"
1104;02/02/2026;;SOLISTA;Javel;1;2500;2500;2500;0;Importée;"Année déduite de la ligne précédente | Code de boutique absent"
1105;02/02/2026;;MBIAKOP;"porte stylo";2;600;1200;1200;0;Importée;"Date reprise de la ligne précédente | Code de boutique absent | Prix unitaire déduit du montant et de la quantité"
1106;02/02/2026;;MBIAKOP;stylo;2;300;600;600;0;Importée;"Date reprise de la ligne précédente | Code de boutique absent | Nom d'artisan repris de la ligne précédente | Prix unitaire déduit du montant et de la quantité"
1107;02/02/2026;;Floralis;croquet;2;200;200;400;-200;Importée;"Année déduite de la ligne précédente | Code de boutique absent | Écart signalé à la source (ECART) | Écart de calcul : montant transcrit différent de quantité × prix"
1108;02/02/2026;;Floralis;"Savon liquide";1;4000;4000;4000;0;Importée;"Date reprise de la ligne précédente | Code de boutique absent"
1109;03/02/2026;;"Mme Justina";Tableau;1;12000;12000;12000;0;Importée;"Année déduite de la ligne précédente | Code de boutique absent"
1110;04/02/2026;2;Floralis;Croquette;2;200;200;400;-200;Importée;"Année déduite de la ligne précédente | Écart signalé à la source (ECART) | Écart de calcul : montant transcrit différent de quantité × prix"
1111;05/02/2026;;Floralis;Croquette;;;;;;"Non importée";"Code de boutique absent | Nom d'artisan repris de la ligne précédente | Désignation reprise de la ligne précédente | Quantité, prix et montant trop lacunaires pour une vente"
1112;06/02/2026;;Floralis;Croquet;1;100;100;100;0;Importée;"Année déduite de la ligne précédente | Code de boutique absent"
1113;06/02/2026;;Solista;"CHIPS de Plantain";1;100;100;100;0;Importée;"Date reprise de la ligne précédente | Code de boutique absent"
1114;06/02/2026;;;Biscuit;1;500;500;500;0;Importée;"Date reprise de la ligne précédente | Code de boutique absent | Artisan non identifiable"
1115;09/02/2026;;"Guekam Philip";"Vin de cola";3;2500;7500;7500;0;Importée;"Année déduite de la ligne précédente | Code de boutique absent"
1116;10/02/2026;;"Mme Roland";"Savon bambou de chine";1;2500;2500;2500;0;Importée;"Année déduite de la ligne précédente | Code de boutique absent"
1117;10/02/2026;;Solista;"Savon noir Gourmand";1;2500;2500;2500;0;Importée;"Date reprise de la ligne précédente | Code de boutique absent"
1118;10/02/2026;;perle;;1;4400;4400;4400;0;"Non importée";"Date reprise de la ligne précédente | Code de boutique absent | Désignation absente"
1119;10/02/2026;;Bonomit;"anti poison";1;2000;2000;2000;0;Importée;"Date reprise de la ligne précédente | Code de boutique absent"
1120;10/02/2026;;Monastère;"chips de maïs";3;300;300;900;-600;Importée;"Date reprise de la ligne précédente | Code de boutique absent | Écart signalé à la source (ECART) | Écart de calcul : montant transcrit différent de quantité × prix"
1121;10/02/2026;;Floralis;"demi litre vinaigre";1;150;150;150;0;Importée;"Date reprise de la ligne précédente | Code de boutique absent"
1122;13/02/2026;;Floralis;croquette;2;100;200;200;0;Importée;"Code de boutique absent | Nom d'artisan repris de la ligne précédente"
1123;13/02/2026;;Solista;chips;2;100;200;200;0;Importée;"Code de boutique absent"
1124;27/02/2026;;;;;;;;;"Non importée";"Année déduite de la ligne précédente | Code de boutique absent | Artisan non identifiable | Désignation absente | Quantité, prix et montant trop lacunaires pour une vente"
1125;03/03/2026;09;;Colier;1;1500;1500;1500;0;Importée;"Artisan non identifiable"
1127;03/03/2026;;Jeanne;Visiteurs;;;;;;"Non importée";"Code de boutique absent | Quantité, prix et montant trop lacunaires pour une vente"
1128;03/03/2026;;"Mance Belkia";Visiteurs;;;;;;"Non importée";"Date reprise de la ligne précédente | Code de boutique absent | Quantité, prix et montant trop lacunaires pour une vente"
1130;05/03/2026;03;"Gustave F.";"Miel de Bangou";1;5000;5000;5000;0;Importée;"Date reprise de la ligne précédente"
1131;05/03/2026;;MBiakop;bracelets;4;400;1600;1600;0;Importée;"Date invalide dans le registre | Code de boutique absent"
1132;05/03/2026;;MBiakop;bracelet;1;2000;2000;2000;0;Importée;"Date reprise de la ligne précédente | Code de boutique absent"
1133;05/03/2026;;Tchinda;Casquette;1;5000;5000;5000;0;Importée;"Date reprise de la ligne précédente | Code de boutique absent"
1134;05/03/2026;;MBiakop;Cup;2;500;1000;1000;0;Importée;"Date reprise de la ligne précédente | Code de boutique absent"
1135;05/03/2026;;Ibrahim;Masque;1;5000;5000;5000;0;Importée;"Date reprise de la ligne précédente | Code de boutique absent"
1136;05/03/2026;;"Mme Gassam";biscuit;9;100;9000;900;8100;Importée;"Date reprise de la ligne précédente | Code de boutique absent | Écart signalé à la source (ECART) | Écart de calcul : montant transcrit différent de quantité × prix"
1137;05/03/2026;;;"Fève Cacao";2;1000;2000;2000;0;Importée;"Date reprise de la ligne précédente | Code de boutique absent | Artisan non identifiable"
1138;05/03/2026;;;biscuit;6;100;600;600;0;Importée;"Date reprise de la ligne précédente | Code de boutique absent | Artisan non identifiable"
1139;05/03/2026;;"Artisan Bamenda";"Tableau de décoration";1;8000;8000;8000;0;Importée;"Date invalide dans le registre | Code de boutique absent | Rapprochement d'artisan écarté : sous le seuil : « Artisan Bangante » à 77,4 %"
1140;05/03/2026;;"Mme Gassam";biscuit;3;100;300;300;0;Importée;"Date invalide dans le registre | Code de boutique absent"
1141;05/03/2026;;MBiakop;Cup;1;500;500;500;0;Importée;"Date reprise de la ligne précédente | Code de boutique absent"
1142;03/08/2026;;MBIAKOP;collier;1;1500;1500;1500;0;Importée;"Code de boutique absent"
1143;03/08/2026;;MBIAKOP;boucle;1;700;700;700;0;Importée;"Date reprise de la ligne précédente | Code de boutique absent | Nom d'artisan repris de la ligne précédente"
1144;03/08/2026;;stylo;stylo;1;300;300;300;0;Importée;"Date reprise de la ligne précédente | Code de boutique absent"
1145;03/08/2026;;MBIAKOP;"Porte stylo";1;500;500;500;0;Importée;"Date reprise de la ligne précédente | Code de boutique absent"
1146;03/08/2026;;;"Paires en perle et bambou";2;1000;2000;2000;0;Importée;"Date hors de la période plausible du registre | Code de boutique absent | Artisan non identifiable"
1147;05/08/2026;;"Justine Mankah";"Tableau décoratif";1;12000;12000;12000;0;Importée;"Code de boutique absent"
1148;05/08/2026;;MBIAKOP;"porte stylo";1;500;500;500;0;Importée;"Date reprise de la ligne précédente | Code de boutique absent"
1149;05/08/2026;;;stylo;1;300;300;300;0;Importée;"Date reprise de la ligne précédente | Code de boutique absent | Artisan non identifiable"
